{
  "languageOption": {
    "label": "中文(简体)",
    "value": "zh-cn"
  },
  "menuStrings": {
    "ProductName": "<%= productName %>",
    "AboutProduct": "关于<%= productName %>",
    "VersionNumber": "版本<%= version %>(<%= bitness %>位)",
    "ViewReleaseNotes": "查看发行说明",

    "CheckingForUpdates": "正在检查更新...",
    "RestartAndInstallUpdate": "重启并安装更新",
    "CheckForUpdateWithLastCheckedTime": "检查更新<%= updateLastCheckedTime %>",
    "UpdateAvailableWithVersion": "可用更新(<%= updateAvailableVersion %>)",
    "UpdateAvailableDownloadDeb": "下载.deb文件",
    "UpdateAvailableDownloadRpm": "下载.rpm文件",
    "UpdateAvailableDownloadTargz": "下载.tar.gz文件",
    "UpdateDownloadedShowFile": "更新已下载(显示文件)",
    "UpdateErroredAtTime": "更新错误<%= updateErrorTime %>",
    "DownloadingUpdate": "正在下载更新...",
    "DownloadUpdate": "下载更新",

    "Preferences": "首选项...",
    "&Preferences": "首选项(&P)...",
    "Services": "服务",
    "Hide": "隐藏GitKraken",
    "HideOthers": "隐藏其他",
    "ShowAll": "显示全部",
    "Quit": "退出GitKraken",
    "E&xit": "退出(&X)",

    "File": "文件",
    "&File": "文件(&F)",
    "CloneRepo": "克隆存储库",
    "Clo&neRepo": "克隆存储库(&N)",
    "InitRepo": "初始化存储库",
    "&InitRepo": "初始化存储库(&I)",
    "OpenRepo": "打开存储库",
    "&OpenRepo": "打开存储库(&O)",
    "Open&Terminal": "打开终端(&T)",
    "OpenTerminal": "打开终端",
    "OpenInFileManager": "在文件管理器中打开",

    "Edit": "编辑",
    "&Edit": "编辑(&E)",
    "Undo": "撤消",
    "&Undo": "撤消(&U)",
    "Redo": "重做",
    "&Redo": "重做(&R)",
    "Cut": "剪切",
    "&Cut": "剪切(&C)",
    "Copy": "复制",
    "C&opy": "复制(&O)",
    "Paste": "粘贴",
    "&Paste": "粘贴(&P)",
    "SelectAll": "全选",
    "Select&All": "全选(&A)",

    "View": "查看",
    "&View": "查看(&V)",
    "Reload": "重新加载",
    "&Reload": "重新加载(&R)",
    "ToggleFullScreen": "切换全屏",
    "Toggle&FullScreen": "切换全屏(&F)",
    "Developer": "开发者",
    "RunTests": "运行测试...",
    "RunSystemTests": "运行系统测试...",
    "RunTestsWithCoverage": "使用覆盖率运行测试...",
    "ToggleDeveloperTools": "切换开发者工具",
    "ToggleDeveloper&Tools": "切换开发者工具(&T)",
    "ToggleProStatus": "切换专业版状态",
    "ToggleReactPerfRecording": "启动/停止响应性能记录",

    "Window": "窗口",
    "Minimize": "最小化",
    "Zoom": "缩放",

    "Help": "帮助",
    "&Help": "帮助(&H)",
    "ViewSupportDocs": "查看支持文档",
    "ViewErrorLogs": "查看错误日志",
    "SendUsFeedback": "向我们发送反馈",
    "GetSupport": "获取支持",
    "KeyboardShortcuts": "键盘快捷键",
    "OpenFuzzyFinder": "打开模糊查找器",
    "FollowUsOnTwitter": "在推特上关注我们"
  },
  "strings": {
    "About-BuiltBy": "GitKraken由Axosoft在阳光明媚的亚利桑那州斯科茨代尔建造",
    "About-OpenSource": "它使用了一些优秀的开源项目:",
    "About-Libgit2License": "GitKraken在GNU公共许可证下通过NodeGit使用libgit2库, 并带有链接异常",
    "About-TermsOfService": "服务条款",
    "About-OpenSourceLicenses": "依赖开源许可证",
    "About-AllRightsReserved": "保留所有权利",

    "Bytes": "字节",

    "By": "{0}由",

    "QuitGitKraken": "退出GitKraken",

    "Repo-Delete": "删除存储库",
    "Repo-ClearFromRecentRepositories": "清除最近的存储库中的{0}",
    "Repo-Close": "关闭存储库",
    "Repo-Open": "打开存储库",
    "Repo-OpenInFileManager": "在文件管理器中打开",
    "Repo-OpenInTerminal": "在终端中打开",

    "Registration-ChangeEmail": "使用其他账户登录",
    "Registration-CheckStatus": "检查状态",
    "Registration-CommercialUse": "GitKraken许可证",
    "Registration-CommercialUseText": "GitKraken对于非商业用途可免费。对于商业用途, 必需使用GitKraken 专业版。",
    "Registration-PrivateRepoDetected": "这似乎是一个私人存储库",
    "Registration-CreateAccount": "为GitKraken创建一个账户",
    "Registration-CreateAccountRetry": "重试创建账户",
    "Registration-CreatingAccount": "创建账户...",
    "Registration-DontWantAccount": "现在不要创建账户",
    "Registration-EmailDefault": "(默认为git config user.email)",
    "Registration-EmailAddress": "邮件地址",
    "Registration-EnterEmailAddress": "请输入邮件地址",
    "Registration-EnterName": "请输入名称",
    "Registration-EnterpriseLoginFailedDueToNoLicense": "您的账户尚未激活为GitKraken企业版许可证",
    "Registration-ForgotPassword": "我忘记了密码",
    "Registration-GoBackToEnterpriseConfiguration": "更改企业服务器的URL",
    "Registration-GoingUnregistered": "在创建或登录账户前, 您可以使用GitKraken{0}天。",
    "Registration-LdapUsername": "用户名",
    "Registration-Name": "名字",
    "Registration-NameAndEmailDefault": "(默认为git config中的user.email和user.name)",
    "Registration-ServerConnectionError": "无法连接到服务器。",
    "Registration-SignInWithGitHub": "使用GitHub登录",
    "Registration-SuccessfullyRegistered": "您的电子邮件地址已经通过验证！",
    "Registration-HaveNotRegistered": "您尚未通过电子邮件地址验证",
    "Registration-iHaveReadAndAgreeToThe": "我已阅读并同意",
    "Registration-iAgree": "我同意",
    "Registration-Password": "密码",
    "Registration-ConfirmPassword": "确认密码",
    "Registration-Register": "注册",
    "Registration-ResendEmail": "重发邮件",
    "Registration-ResendingEmail": "发送...",
    "Registration-ShowMoreOptions": "显示更多选项",
    "Registration-Success": "已将邮件发送到{0}。要继续使用GitKraken, 您需要在{1}天内验证您的邮件地址。",
    "Registration-Failed": "无法连接到服务器",
    "Registration-FailedExtra": "请稍后再试。",
    "Registration-FailedExtraDaysLeft": "请在{0}天内重试, 以便继续使用GitKraken。",
    "Registration-EULA": "最终用户许可协议",
    "Registration-EULAAbbreviated": "EULA",
    "Registration-EULAUpdateTitle": "最终用户许可协议更新",
    "Registration-EULAFirstTimeMessage": "即将完成！我们只需要确保您同意我们的EULA。",
    "Registration-EULAUpdateMessage": "最终用户许可协议已更新。您必须同意新版本才能继续使用GitKraken。",
    "Registration-EULALoadFailed": "EULA加载失败",
    "Registration-PasswordIsGood": "这是一个很好的密码!",
    "Registration-PasswordStrength0": "很弱",
    "Registration-PasswordStrength1": "弱",
    "Registration-PasswordStrength2": "中等",
    "Registration-PasswordStrength3": "强",
    "Registration-PasswordStrength4": "非常强",
    "Registration-PasswordStrengthPrefix": "密码强度:",
    "Registration-PasswordTooShort": "密码长度必须至少为{0}个字符。",
    "Registration-ProLicenseExpiredTitle": "许可证已过期",
    "Registration-ProLicenseExpiredBody1": "您的GitKraken许可证已经过期。请更新您的订阅，以便继续将GitKraken用于商业用途。",
    "Registration-ProLicenseExpiredBody2-1": "您正在使用非商业用途的GitKraken免费版。合并冲突编辑器、配置文件、GitHub企业版、GitLab自建主机，Bitbucket服务器和Azure开发运维集成等专业功能已被禁用。",
    "Registration-ProLicenseExpiredBody2-2": "您可以随时从主菜单或访问{0}续订。",
    "Registration-ProLicenseExpiredCancel": "切换到非商业用途",
    "Registration-ProLicenseExpiredGoToShop": "续订",
    "Registration-UseGitKraken": "使用GitKraken",
    "Registration-ValidateConfirmPassword": "密码不匹配。",
    "Registration-ValidateField": "此字段是必需的。",
    "Registration-ValidateEmail": "请输入正确的邮件地址。",
    "Registration-ValidateEULA": "您必须同意最终用户许可协议。",
    "Registration-VerifyEmailTitle": "请验证您的邮件地址",
    "Registration-VerifyEmailBody": "我们还没有收到{0}的验证信息。继续使用GitKraken请通过发到该地址的邮件中的链接完成身份验证。",
    "Registration-CantFindEmail": "没找到邮件?",
    "Registration-IncorrectEmail": "账户不正确?",
    "Registration-XDaysToActivate": "{0}天激活",
    "Registration-1DayToActivate": "1天激活",
    "Registration-Login": "登录",
    "Registration-LoggingIn": "正在登录...",
    "Registration-CreateAccountTitle": "创建账户",
    "Registration-LoginTitle": "欢迎来到GitKraken",
    "Registration-SignInWithExistingGKAccount": "或使用现有的GitKraken账户登录",
    "Registration-GoToCreate": "创建",
    "Registration-GoToLoginLeadin": "已经有账户了?",
    "Registration-GoToLogin": "登录",

    "EnterpriseConfiguration-Title": "配置GitKraken企业版",
    "EnterpriseConfiguration-EnterHostname": "请粘贴GitKraken下载页上提供的URL:",
    "EnterpriseConfiguration-CouldNotConnect": "无法连接到服务器。",
    "EnterpriseConfiguration-CouldNotParseURL": "无法解析给定的URL。",

    "EnterpriseExpirationWarning-NDays": "许可证在{0}天内过期",
    "EnterpriseExpirationWarning-Tomorrow": "许可证有效期1天!",
    "EnterpriseExpirationWarning-Today": "许可证今天到期！",

    "Standalone-LicenseConfigurationTitle": "企业许可证",
    "Standalone-LicenseInfoForActive": "{1}用户的{0}许可",
    "Standalone-LicenseInfoForActiveExpiresSoon": "{1}用户的{0}许可。{2}天后过期",
    "Standalone-LicenseInfoExpiresTomorrow": "{1}用户的{0}许可。{2}天后过期",
    "Standalone-LicenseInfoExpiresToday": "{1}用户的{0}许可。今天过期",
    "Standalone-LicenseInfoExpired": "{1}用户的{0}许可。已过期",
    "Standalone-Unlicensed": "未经授权",
    "Standalone-LicensedTo": "授权于",
    "Standalone-NumberOfUsers": "用户数量",
    "Standalone-Expires": "过期",
    "Standalone-DateExpired": "{0}已过期",
    "Standalone-GitKrakenIsUnlicensed": "这份GitKraken副本是未经授权的。",
    "Standalone-SavedLicenseIsInvalid": "磁盘上的许可证无效。",
    "Standalone-AddAValidLicense": "添加有效的许可证文件以继续。",
    "Standalone-AddALicense": "添加许可证文件以继续。",
    "Standalone-UpdateLicense": "更新许可证",
    "Standalone-AddLicense": "添加许可证",
    "Standalone-UpdatedLicenseWasExpired": "您选择的许可证文件已过期。",
    "Standalone-UpdatedLicenseFailedToUpdate": "当我们尝试使用所选的许可证时出错了。",
    "Standalone-UpdatedLicenseWasInvalid": "您选择的许可证文件无效。",
    "Standalone-UpdatedLicenseWasNotFound": "找不到您选择的许可证文件。",
    "Standalone-BrowserForLicense": "浏览GitKraken许可证",
    "Standalone-BadSelectedLicense": "许可证更新失败",
    "Standalone-LicenseSuccessfullyUpdated": "许可证已成功更新",

    "Apply": "应用",
    "Author": "作者",
    "Branch": "分支",
    "Close": "关闭",
    "Commit": "提交",
    "Create": "创建",
    "AuthoredLabel": "创作于",
    "CoauthorsLabel": "共同作者:",
    "CommitLabel": "提交:",
    "ParentLabel": "父:",
    "CheckingOutBranch": "正在检出分支",
    "ConnectingWithEllipsis": "正在连接...",
    "DateAuthored": "作者日期",
    "DiscardAllChanges": "丢弃所有改动",
    "Filter": "筛选器",
    "GeneratingWithEllipsis": "正在生成...",
    "LoadingDiffWithEllipsis": "正在加载差异...",
    "LoadingWithEllipsis": "载入中...",
    "Local": "本地",
    "Optional": "(可选)",
    "Parent": "父",
    "Parents": "父",
    "Pop": "弹出",
    "ParentRepo": "父存储库",
    "Pull": "拉取",
    "Push": "推送",
    "Redo": "重做",
    "Repo": "存储库",
    "Save": "保存",
    "DontSave": "不保存",
    "ShowAll": "显示全部",
    "SoloBranch": "将此分支设置为独奏模式",
    "UnsoloAll": "退出独奏模式",
    "SuccessWithBang": "成功!",
    "Stage": "暂存",
    "Staged": "已暂存",
    "Stash": "贮藏",
    "Tag": "标签",
    "Undo": "撤消",
    "Uninitialized": "未初始化",
    "Unstage": "取消暂存",
    "Unstaged": "未暂存",
    "UpstreamBranch": "上游分支",
    "ViewAllRepositories": "查看所有存储库",
    "ViewReleaseNotes": "查看发行说明",
    "WorkInProgressAbbr": "WIP",
    "WorkInProgressOnBranchAbbr": "WIP于{0}",
    "Zoom": "缩放",

    "Pro": "专业版",
    "Free": "免费版",
    "Enterprise": "企业版",
    "Standalone": "企业版",

    "Stash-ApplyWithUncommittedChangesPrompt": "您有未提交的改动。确定要应用贮藏区并覆盖改动吗?",

    "StashMessage-Amend": "在修改\"{0}\"之前自动贮藏",
    "StashMessage-Checkout": "在检出\"{0}\"之前自动贮藏",
    "StashMessage-CherryPick": "在摘取\"{0}\"之前自动贮藏",
    "StashMessage-Merge": "在合并\"{0}\"和\"{1}\"之前自动贮藏",
    "StashMessage-Rebase": "在变基\"{0}\"之前自动贮藏",
    "StashMessage-Revert": "在还原\"{0}\"之前自动贮藏",

    "Ignore": "忽略",
    "IgnoreFile": "忽略'{0}'",
    "IgnoreNFiles": "忽略{0}个文件",

    "AllFilesWithSameExtension": "所有扩展名为'{0}'的文件",
    "AllFilesInFolder": "'{0}/'下的所有文件",
    "IgnoreAllFilesInFolder": "忽略'{0}/'下的所有文件",

    "File-AlreadyExists": "文件'{0}'已存在",
    "File-Blame": "文件追责",
    "File-CanOnlyEditText": "只能编辑文本文件",
    "File-CouldNotOpenInEditor": "无法在编辑器中打开文件",
    "File-CouldNotCreate": "无法创建文件",
    "File-CouldNotCreateOutOfRepo": "无法在存储库之外创建文件!",
    "File-CouldNotDelete": "无法删除文件",
    "File-Create": "创建文件",
    "File-Created": "已创建'{0}'",
    "File-Delete": "删除文件",
    "File-DeleteInWorkDir": "删除工作目录文件",
    "File-Deleted": "已删除'{0}'",
    "File-DoesNotExist": "文件不存在",
    "File-ConfirmDeletePath": "您确定要删除'{0}'吗?",
    "File-Open": "打开文件",
    "File-Edit": "编辑文件",
    "File-OpenInDefaultProgram": "在默认程序中打开文件",
    "File-OpenWithName": "打开{0}",
    "File-Reset": "丢弃改动",
    "File-ShowFolderContents": "在文件夹中打开",
    "File-ShowFolderContentsMac": "在Finder中打开",
    "File-ShowInFolder": "在文件夹中显示",
    "File-ShowInFolderMac": "在Finder中显示",
    "File-ShowInFolderMacWithName": "在Finder中显示{0}",
    "File-ShowInFolderWithName": "在文件夹中显示{0}",
    "File-StatusAdded": "已添加",
    "File-StatusDeleted": "已删除",
    "File-StatusRenamed": "已重名",
    "File-StatusRenamedFrom": "从",
    "File-StatusRenamedTo": "到",
    "File-UnstageAndRemove": "取消暂存并删除文件",

    "Folder-NewFile": "在此文件夹中创建文件",
    "Folder-MarkConflictedFilesAsResolved": "标记所有为已解决的",
    "Folder-Open": "打开文件夹",
    "Folder-ResetAll": "重置文件夹",
    "Folder-StageAll": "暂存文件夹",
    "Folder-UnstageAll": "取消暂存文件夹",
    "Folder-DiscardAllChanges": "丢弃文件夹中的所有改动",

    "FileHistory": "文件历史记录",
    "FileHistory-AuthorInfo": "由{0}在{1}上创作",
    "FileHistory-CannotLinkToGraph": "此提交在关系图上不可见",
    "FileHistory-CommitShaCopied": "提交SHA复制!",
    "FileHistory-DiffView": "差异视图",
    "FileHistory-End": "历史结尾",
    "FileHistory-FileView": "文件视图",
    "FileHistory-LinkToGraph": "在关系图中查看{0}",
    "FileHistory-BlameButtonLabel": "追责",
    "FileHistory-ShowBlame": "显示追责细节",
    "FileHistory-UnknownAuthorName": "未知",

    "FuzzyFinder-DefaultPlaceHolder": "搜索命令和操作(例如打开存储库)",
    "FuzzyFinder-BlamePlaceholder": "搜索文件以查看谁做了什么(即其追责)",
    "FuzzyFinder-CheckoutPlaceholder": "搜索要检出的分支",
    "FuzzyFinder-CreateBranch": "创建分支",
    "FuzzyFinder-CreateFilePlaceholder": "输入新文件名",
    "FuzzyFinder-CreateTag": "创建标签",
    "FuzzyFinder-DeleteFilePlaceholder": "搜索要删除的文件",
    "FuzzyFinder-EditFilePlaceholder": "搜索要编辑的文件",
    "FuzzyFinder-DevPlaceholder": "订购Chipotle",
    "FuzzyFinder-HistoryPlaceholder": "搜索文件以查看其历史/追责",
    "FuzzyFinder-OpenFilePlaceholder": "搜索要打开的文件",
    "FuzzyFinder-OpenRepoPlaceholder": "搜索要打开的存储库",
    "FuzzyFinder-RenameBranch": "重命名分支",
    "FuzzyFinder-SearchCommitsPlaceholder": "使用消息, ID, 作者搜索提交",
    "FuzzyFinder-SwitchProfilePlaceholder": "搜索要切换到的配置文件",
    "FuzzyFinder-ViewFilePlaceholder": "搜索要查看的文件",

    "FuzzyFinder-BlameFilePrefix": "追责",
    "FuzzyFinder-CheckoutRefPrefix": "检出",
    "FuzzyFinder-ConfigureGitFlow": "配置Git工作流",
    "FuzzyFinder-ConfigureLfs": "配置LFS",
    "FuzzyFinder-CreateFileKeywords": "创建新文件",
    "FuzzyFinder-CreateFilePrefix": "创建文件",
    "FuzzyFinder-DeleteFilePrefix": "删除文件",
    "FuzzyFinder-EditFilePrefix": "编辑文件",
    "FuzzyFinder-StartPullRequest": "开始拉取请求",
    "FuzzyFinder-StartPullRequestKeywords": "新创建拉取请求",
    "FuzzyFinder-DevPrefix": "开发",
    "FuzzyFinder-DiscardAllKeywords": "全部重置",
    "FuzzyFinder-FileHistoryPrefix": "历史",
    "FuzzyFinder-GitFlowPrefix": "Git工作流:",
    "FuzzyFinder-InitRepoKeywords": "初始化",
    "FuzzyFinder-JoinTheLightOrDarkSide": "加入{0}侧",
    "FuzzyFinder-JoinTheLightSlashDarkSide": "加入暗/亮侧",
    "FuzzyFinder-OpenGitFlowPanel": "Git工作流",
    "FuzzyFinder-OpenFile": "打开文件",
    "FuzzyFinder-OpenFileInExternalCompareTool": "在外部差异/合并工具中打开",
    "FuzzyFinder-OpenRepoPrefix": "打开存储库",
    "FuzzyFinder-OpenInFileManagerKeywords": "文件夹资源管理器查找程序",
    "FuzzyFinder-OpenInTerminalKeywords": "命令行控制台",
    "FuzzyFinder-RefPrefix": "分支:",
    "FuzzyFinder-RepoPrefix": "存储库管理:",
    "FuzzyFinder-SearchCommits": "搜索提交",
    "FuzzyFinder-Settings": "设置",
    "FuzzyFinder-SettingsKeywords": "偏好选项",
    "FuzzyFinder-StashPrefix": "贮藏区:",
    "FuzzyFinder-SwitchProfile": "切换到配置文件",
    "FuzzyFinder-ToggleSyntaxHighlighting": "切换语法高亮",
    "FuzzyFinder-ToggleTheme": "切换主题",
    "FuzzyFinder-ViewFile": "查看文件",
    "FuzzyFinder-ViewErrorLogs": "查看错误日志",
    "FuzzyFinder-ViewWorkingDirectoryChanges": "查看工作目录改动",
    "FuzzyFinder-ViewWorkingDirectoryChangesKeywords": "更改wip workdir工作",

    "GitHook-ExitCode": "退出代码:{0}",
    "GitHook-OpenFailureLogModal": "查看钩子输出",
    "GitHook-HookFailed": "{0}失败",
    "GitHook-OpenLogExternally": "在外部应用程序中打开",
    "GitHook-PermissionDenied": "{0}没有执行权限!",
    "GitHook-PrePushDidNotRun": "预推送钩子未运行",
    "GitHook-PrePushDidNotRunReason": "由于{1}, 无法执行{0}",
    "GitHook-Output": "输出",
    "GitHook-NeedsCredentials": "Git钩子需要身份验证信息",

    "System-OperationCancelled": "操作被用户取消",

    "LeftPanel-CheckedOut": "检出",
    "LeftPanel-ClearFilter": "清除筛选器",
    "LeftPanel-Collapse": "折叠面板",
    "LeftPanel-FilterCommits": "筛选器({0} + {1} + f)",
    "LeftPanel-Filtering": "筛选中",
    "LeftPanel-Expand": "展开面板",
    "LeftPanel-Hide": "在关系图中隐藏",
    "LeftPanel-Show": "在关系图中显示",
    "LeftPanel-StopSoloing": "停止此分支的独奏模式",

    "TextOperation-Cut": "剪切",
    "TextOperation-Copy": "复制",
    "TextOperation-CopyFileContentsToClipboard": "将文件内容复制到剪贴板",
    "TextOperation-CopySuccess": "已复制！",
    "TextOperation-Paste": "粘贴",
    "TextOperation-Delete": "删除",
    "TextOperation-SelectAll": "全选",

    "ResizePanel": "调整面板大小",

    "FastForwardBranchToBranch": "快进分支{0}到分支{1}",
    "FileMayStillHaveConflicts": "此文件中可能仍然存在冲突",
    "MergedBranchToRef": "将分支'{0}'合并到{1}中",
    "MergedRemoteBranchToRef": "将远程跟踪分支'{0}'合并到{1}中",
    "MergedTagToRef": "将标签'{0}'合并到{1}中",
    "MergedBranchToMaster": "合并分支'{0}'",
    "MergedRemoteBranchToMaster": "合并远程跟踪分支'{0}'",
    "MergedTagToMaster": "合并标签'{0}'",
    "MergeConflictMessageSingular": "尝试合并到{0}时发现1个文件冲突",
    "MergeConflictMessagePlural": "尝试合并到{1}时发现{0}个文件冲突",
    "MergingIntoNamed": "合并到{0}",
    "ExternalDiffTool": "外部差异工具",
    "ExternalMergeTool": "外部合并工具",
    "OpenInDiffTool": "在差异工具中打开",
    "OpenInMergeTool": "在合并工具中打开",
    "OpenIn": "使用{0}打开",
    "MarkAllResolved": "全部标记为已解决",
    "MarkNResolved": "标记{0}为已解决",
    "MarkAsConflicted": "标记为未解决",
    "MarkAsResolved": "标记为已解决",
    "MarkNConflicted": "标记{0}为未解决",
    "UnsupportedRebaseMessage": "此存储库正在另一个应用程序中运行变基",

    "ViewAuthenticationSettings": "查看设置",
    "ViewDiffToolSettings": "查看差异工具设置",
    "ViewMergeToolSettings": "查看合并工具设置",
    "ViewShPathSettings": "查看设置",
    "ViewTerminalSettings": "查看终端设置",

    "DiscardSelectedLines": "丢弃已选中的行的改动",
    "DiscardThisHunk": "丢弃区块的改动",
    "DiscardThisLine": "丢弃此行的改动",
    "DiscardNChanges": "丢弃{0}个文件中的改动",
    "RefCreatedMessage": "{0}: {1}已创建在{2}",
    "StageAllChanges": "暂存所有改动",
    "StageNChanges": "暂存{0}个文件",
    "StageSelectedLines": "暂存已选中的行",
    "StageThisFile": "暂存文件",
    "StageThisChange": "暂存此改动",
    "StageThisHunk": "暂存区块",
    "StageThisLine": "暂存此行",
    "UnstageAllChanges": "取消暂存的所有改动",
    "UnstageNChanges": "取消暂存{0}个文件",
    "UnstageSelectedLines": "取消暂存已选中的行",
    "UnstageThisFile": "取消暂存文件",
    "UnstageThisChange": "取消暂存这个改动",
    "UnstageThisHunk": "取消暂存区块",
    "UnstageThisLine": "取消暂存此行",
    "StageFilemodeChange": "暂存文件模式改动",
    "UnstageFilemodeChange": "取消暂存文件模式改动",
    "WindowsFilemodeChangeWarning": "文件模式的索引可能已在GitKraken外部进行了改动。",
    "WindowsFilemodeChangeWarningConfigEnabled": "您在git配置中启用了文件模式改动! 在Windows中, 工作目录中的文件似乎有-x, 因此文件模式的改动显示在此处。",
    "OKButtonLabel": "确定",
    "CancelButtonLabel": "取消",
    "YesButtonLabel": "是",
    "NoButtonLabel": "否",
    "NotNowButtonLabel": "现在不",
    "ExitButtonLabel": "退出",
    "ExitPreferencesButtonLabel": "退出首选项",
    "PreviousButtonLabel": "上一个",
    "NextButtonLabel": "下一个",
    "BrowseButtonLabel": "浏览",
    "SubmitButtonLabel": "提交",
    "SendMessageButtonLabel": "发送",
    "LogInButtonLabel": "登录",
    "FinishSetupButtonLabel": "完成",
    "OpenNowButtonLabel": "立即打开",
    "InitializeButtonLabel": "初始化",
    "DeleteButtonLabel": "删除",
    "DeleteAndCommitLabel": "删除并提交",
    "DiscardUnstagedChangesButtonLabel": "丢弃未暂存的改动",
    "UnstageAndRemoveButtonLabel": "取消暂存并删除",
    "ResetAllButtonLabel": "重置所有",
    "ResetFileButtonLabel": "重置文件",
    "ResetFilesButtonLabel": "重置文件",
    "SaveAncesor": "保存上级",
    "SaveFileButtonLabel": "保存文件",
    "ShowPricingButtonLabel": "显示GitKraken专业版的价格",
    "NonCommercialButtonLabel": "我将GitKraken用于非商业用途",
    "CommitAndMergeButtonLabel": "合并后提交",
    "AbortCherrypickButtonLabel": "中止摘取",
    "AbortMergeButtonLabel": "中止合并",
    "StartRebaseButtonLabel": "开始变基",
    "ContinueRebaseButtonLabel": "继续变基",
    "AbortRebaseButtonLabel": "中止变基",
    "CommitRevertLabel": "提交还原",
    "SkipCommitButtonLabel": "跳过提交",
    "CommitButtonLabelStageFiles": "请暂存要提交的文件/改动",
    "CommitButtonLabelAddMessage": "请输入提交消息",
    "CommitButtonLabelPlural": "提交{0}个文件的改动",
    "CommitButtonLabelSingular": "提交1个文件的改动",
    "ForcePushButtonLabel": "强制推送",
    "ProvideFeedbackButtonLabel": "反馈",
    "LinuxUpdate-AvailableStatus": "可用的更新 ({0})",
    "LinuxUpdate-DownloadDebUpdateButtonLabel": ".deb",
    "LinuxUpdate-DownloadRpmUpdateButtonLabel": ".rpm",
    "LinuxUpdate-DownloadTarGzUpdateButtonLabel": ".tar.gz",
    "LinuxUpdate-Downloaded": "已完成下载 {0}",
    "LinuxUpdate-Downloading": "正在下载 {0}...",
    "LinuxUpdate-ShowDownloadedUpdateButtonLabel": "更新就绪(显示文件)",
    "LinuxUpdate-SomethingWentWrong": "下载更新时出错",
    "AutoUpdate-RestartGitKrakenAndInstallUpdateButtonLabel": "更新就绪(重新启动GitKraken)",
    "AmendPreviousCommitButtonLabel": "修改最后一次提交",
    "AmendPreviousCommitMessageButtonLabel": "修改消息",
    "AmendPreviousCommitMessageTip": "单击此处修改提交消息",
    "CancelAmendPreviousCommitMessageButtonLabel": "停止修改",
    "RefreshTokenLabel": "刷新令牌",
    "OptIntoAnalyticsButtonLabel": "将分析数据发送到GitKraken",
    "OptIntoAnalyticsCancelButtonLabel": "不发送数据",
    "RetryWithoutOAuthLabel": "无OAuth重试",
    "UpgradeToProButtonLabel": "升级到GitKraken专业版",
    "UseFreeButtonLabel": "继续使用GitKraken免费版",
    "StartTrialButtonLabel": "GitKraken专业版免费试用",
    "TrialStatus": "GitKraken专业版的试用期剩余{0} - 立即升级",
    "RemoveButtonLabel": "移除",

    "Option-None": "<无>",
    "Option-UseMergeTool": "<使用合并工具>",

    "GitFlowButtonTooltip": "Git工作流",
    "UndoValidButtonTooltip": "撤消{0}",
    "RedoValidButtonTooltip": "重做{0}",
    "UndoCannotButtonTooltip": "无法撤消",
    "RedoCannotButtonTooltip": "无法重做",
    "UndoInvalidButtonTooltip": "无法撤消{0}。目前只支持提交、检出和某些丢弃操作。",
    "RedoInvalidButtonTooltip": "无可重做的撤消",
    "RefreshButtonTooltip": "刷新",
    "SetAsDefaultOptionTooltip": "设置为默认值",
    "DefaultOptionTooltip": "默认",
    "PushButtonTooltip": "推送",
    "PullOptionsMessage": "选择在单击此按钮时默认执行的拉取/推送操作",
    "PullOptions-FetchAll": "获取所有",
    "PullOptions-Merge": "拉取(快进优先)",
    "PullOptions-FastForwardOnly": "拉取(仅快进)",
    "PullOptions-NoFastForward": "拉取(非快进)",
    "PullOptions-Rebase": "拉取(变基)",
    "BranchButtonTooltip": "分支",
    "StashButtonTooltip": "贮藏",
    "ApplyStashButtonTooltip": "应用贮藏区",
    "PopStashButtonTooltip": "弹出贮藏区",
    "OrderChipotleButtonTooltip": "星期四吃葡萄",
    "SearchCommitsTooltip": "搜索提交({0} + f)",

    "Rebasing-CommitLabel": "从{1}重新变基提交{0}",
    "Rebasing-AutoStashLabel": "自动贮藏未提交的改动",
    "Rebasing-PoppingAutoStashLabel": "弹出自动贮藏的改动",

    "ReflogAction": "使用reflog消息\"{0}\"的操作",
    "ReflogActionCommit": "提交\"{0}\"",
    "ReflogActionCommitAmend": "提交修订\"{0}\"",
    "ReflogActionCheckout": "从\"{0}\"检出到\"{1}\"",
    "ReflogActionReset": "重置为\"{0}\"",
    "ReflogActionSaveOne": "丢弃\"{0}\"",
    "ReflogActionSaveMany": "丢弃\"{0}\"和其他{1}个文件",
    "ReflogActionSaveUnknown": "丢弃",
    "ReflogActionDeleteBranchTracking": "删除分支\"{0}\"跟踪\"{1}\"",
    "ReflogActionDeleteBranch": "删除分支\"{0}\"",
    "ReflogActionRemoveRemote": "删除远程\"{0}\"",

    "ContextMenu-AmendCommitMessage": "编辑提交消息",
    "ContextMenu-AnnotateTag": "批注{0}",
    "ContextMenu-CheckoutBranch": "检出{0}",
    "ContextMenu-CherrypickCommit": "摘取提交",
    "ContextMenu-CopyBranchName": "将分支名称复制到剪贴板",
    "ContextMenu-CopyCommitId": "将提交ID复制到剪贴板",
    "ContextMenu-CopyFilePath": "将文件路径复制到剪贴板",
    "ContextMenu-CopyTagName": "将标签名称复制到剪贴板",
    "ContextMenu-CreateBranchHere": "在此处创建分支",
    "ContextMenu-CreateTagHere": "在此处创建标签",
    "ContextMenu-DeleteLocalAndRemoteBranches": "删除{0}和{1}",
    "ContextMenu-DeleteAll": "删除所有\"{0}\"分支 (本地和远程)",
    "ContextMenu-DeleteBranch": "删除{0}",
    "ContextMenu-Delete1BranchInFolder": "删除文件夹\"{0}\"中的1个分支",
    "ContextMenu-DeleteNBranchesInFolder": "在文件夹\"{1} \"中删除{0}个分支",
    "ContextMenu-DeleteProjectGroup": "从列表中删除",
    "ContextMenu-DeleteTagXLocally": "从本地删除{0}",
    "ContextMenu-DeleteTagFromRemote": "从远程删除标签",
    "ContextMenu-DeleteTagXFromRemoteY": "从{1}删除{0}",
    "ContextMenu-DeleteTagXFromAllRemotes": "从所有远程中删除{0}",
    "ContextMenu-EditRemote": "编辑{0}",
    "ContextMenu-FavoriteRepository": "将存储库添加到收藏夹",
    "ContextMenu-FetchRemote": "获取{0}",
    "ContextMenu-EditProjectGroup": "编辑标签",
    "ContextMenu-FastForward": "快进{0}到{1}",
    "ContextMenu-HideAllStashes": "隐藏所有贮藏区",
    "ContextMenu-HideAllTags": "隐藏所有标签",
    "ContextMenu-MergeBranchIntoBranch": "将 {0}合并到{1}",
    "ContextMenu-PushAndStartPullRequestToRef": "推送{0}并在{1}上创建拉取请求",
    "ContextMenu-PushAndStartPullRequest": "推送{0}创建拉取请求",
    "ContextMenu-PushTagToRemote": "将标签推送到远程",
    "ContextMenu-PushXToEllipses": "将{0}推送到...",
    "ContextMenu-PushXToAllRemotes": "将{0}推送到所有远程",
    "ContextMenu-PushXToY": "将{0}推送到{1}",
    "ContextMenu-RebaseBranchOntoBranch": "变基{0}于{1}",
    "ContextMenu-RemoveRemote": "删除{0}",
    "ContextMenu-RenameBranch": "重命名{0}",
    "ContextMenu-ResetBranchToThisCommit": "将{0}重置为此提交",
    "ContextMenu-ResetSoftWithHint": "软 - 保持所有本地改动",
    "ContextMenu-ResetMixedWithHint": "混合 - 保持工作副本并重置索引",
    "ContextMenu-ResetHardWithHint": "强行 - 丢弃所有改动过的工作副本",
    "ContextMenu-RevertCommit": "还原提交",
    "ContextMenu-SetUpstream": "设置上游",
    "ContextMenu-ShowAllStashes": "显示所有贮藏区",
    "ContextMenu-ShowAllTags": "显示所有标签",
    "ContextMenu-StartPullRequestFromY": "从{0}创建拉取请求",
    "ContextMenu-StartPullRequestToX": "创建拉取请求到{0}",
    "ContextMenu-StartPullRequestToXFromY": "创建从{1}到{0}的拉取请求",
    "ContextMenu-StashApply": "应用贮藏区",
    "ContextMenu-StashDelete": "删除贮藏区",
    "ContextMenu-StashPop": "弹出贮藏区",
    "ContextMenu-SquashXCommits": "合并{0}个提交",
    "ContextMenu-UnfavoriteRepository": "取消收藏存储库",
    "ContextMenu-ViewServiceRemoteInBrowser": "在{1}上查看{0}",

    "Toolbar-CloseSubmodule": "关闭子模块",
    "Toolbar-CloseRepository": "关闭存储库",

    "BreadCrumbs-FavoritesHeader": "收藏夹",
    "BreadCrumbs-RecentsHeader": "最近打开的",

    "Profile-AddAProfile": "添加配置文件",
    "Profile-CancelDelete": "不, 保留此配置文件",
    "Profile-ChangeEmail": "使用其他账户登录",
    "Profile-ConfirmDeleteHeader": "是否删除此配置文件?",
    "Profile-ConfirmDelete": "是, 删除此配置文件",
    "Profile-CopySettingsFromCurrentProfile": "从当前配置文件复制设置",
    "Profile-DeleteProfile": "删除",
    "Profile-Description": "GitKraken使用配置文件来存储应用程序首选项以及git配置信息。安装后设置的首选项设置为默认配置文件。在GitKraken Pro中, 您可以创建其他配置文件, 并在不同的项目、工作环境等之间快速切换。",
    "Profile-EditProfile": "编辑配置文件",
    "Profile-ManageAccount": "账户管理",
    "Profile-MyProfiles": "我的配置文件",
    "Profile-Preferences": "首选项",
    "Profile-ProfileName": "配置文件名称",
    "Profile-ReferralRewards": "推荐奖励",
    "Profile-RequiresPro": "需要专业版才能添加或切换配置文件, 请单击此处升级。",
    "Profile-Unlock": "通过升级到专业版解锁配置文件切换",
    "Profile-SaveChanges": "保存改动",
    "Profile-SelectIcon": "请选择一个图标",
    "Profile-SetUpYourProfile": "设置您的配置文件",
    "Profile-StartAFreeProTrial": "开始专业版免费试用",
    "Profile-SyncChanges": "保持我的.gitconfig与配置文件同步更新",
    "Profile-SyncChangesSub": "选中后, GitKraken 将使用当前配置文件中的用户名和电子邮件地址更新您的全局git配置。",
    "Profile-Unregistered": "未注册",
    "Profile-UpgradeToPro": "升级到GitKraken专业版",
    "Profiles": "配置文件",

    "RefBar-NavigateToBranch": "导航到分支",
    "RefBar-GroupGitFlow": "GIT工作流",
    "RefBar-GroupLocal": "本地",
    "RefBar-GroupRemote": "远程",
    "RefBar-GroupPullRequests": "拉取请求",
    "RefBar-GroupStashes": "贮藏区",
    "RefBar-GroupSubmodules": "子模块",
    "RefBar-GroupTags": "标签",
    "RefBar-NAhead": "超前{0}",
    "RefBar-NBehind": "落后{0}",
    "RefBar-NavigateToTag": "导航到标签",
    "RefBar-StatusViewing": "查看",
    "RefBar-StatusSoloing": "独奏",
    "RefBar-AddRemote": "添加远程",
    "RefBar-OpenGitFlow": "打开Git工作流",
    "RefBar-AddBranch": "创建新分支",
    "RefBar-AddSubmodule": "添加子模块",
    "RefBar-AddTag": "创建新标签",
    "Refbar-BranchActions": "分支操作",
    "RefBar-TagActions": "标签操作",

    "Repo-SuccessfullyCreatedRepo": "创建存储库成功",

    "PullRequest-SuccessfullyCreatePullRequest": "创建拉取请求成功",
    "ViewOnHostingService": "在 {0} 上查看",

    "PullRequestBar-Assignees": "负责人",
    "PullRequestBar-Reviewers": "评审",
    "PullRequestBar-Labels": "标签",
    "PullRequestBar-Opened": "已打开:{0}",
    "PullRequestBar-Updated": "已更新:{0}",
    "PullRequestBar-Yesterday": "昨天",
    "PullRequestBar-DaysAgo": "{0}天前",
    "PullRequestBar-HourAgo": "{0}小时前",
    "PullRequestBar-HoursAgo": "{0}小时前",
    "PullRequestBar-MinuteAgo": "{0}分钟前",
    "PullRequestBar-MinutesAgo": "{0}分钟前",
    "PullRequestBar-JustNow": "刚才",
    "PullRequestBar-CreatePullRequest": "创建拉取请求",
    "PullRequestBar-Menu": "拉请求操作",
    "PullRequestBar-UnknownPullRequestHead": "私有存储库(拒绝访问)",
    "PullRequestBar-ViewPullRequestInBrowser": "在{2}上查看拉取请求 {0} {1}",
    "PullRequestBar-ViewContinuousIntegrationResultInBrowser": "查看{0}的最新版本",
    "PullRequestBar-AddPullRequestRemote": "将{0}添加为远程",
    "PullRequestBar-AddPullRequestRemoteAndCheckoutPRHead": "将{0}添加为远程并检出",

    "PullRequestPanel-AddAssignee": "添加负责人...",
    "PullRequestPanel-AddAssignees": "添加负责人...",
    "PullRequestPanel-AddLabels": "添加标签...",
    "PullRequestPanel-AddReviewers": "添加评审人...",
    "PullRequestPanel-AddTemplate": "添加模板...",
    "PullRequestPanel-Assignee": "负责人",
    "PullRequestPanel-Assignees": "负责人",
    "PullRequestPanel-Branch": "分支",
    "PullRequestPanel-Description": "描述",
    "PullRequestPanel-EditOnService": "使用{0}进行修改",
    "PullRequestPanel-FromRepo": "源存储库",
    "PullRequestPanel-Labels": "标签",
    "PullRequestPanel-NoAssigneesFound": "未找到负责人",
    "PullRequestPanel-NoLabelsFound": "未找到标签",
    "PullRequestPanel-NoReviewersFound": "未找到评审人",
    "PullRequestPanel-NoTemplatesFound": "找不到模板",
    "PullRequestPanel-PullRequestTitle": "拉请求标题",
    "PullRequestPanel-PullRequestDescription": "拉请求描述",
    "PullRequestPanel-Repo": "存储库",
    "PullRequestPanel-Reviewers": "评审",
    "PullRequestPanel-Template": "模板",
    "PullRequestPanel-Title": "标题",
    "PullRequestPanel-ToRepo": "目标存储库",
    "PullRequestPanel-AzureDevopsEditPullRequestWarning": "如果您选择在Azure开发运维上进行编辑, 您的拉请求标题/描述将不会转移到Azure开发运维",
    "PullRequestPanel-GitHubEditPullRequestWarning": "如果您选择在GitHub上编辑, 拉取请求的审阅者将不会传送到GitHub。",

    "PullRequestTooltip-WantsToMerge": "想要合并",
    "PullRequestTooltip-Into": "到",
    "PullRequestTooltip-BuildStatus": "构建状态:",
    "PullRequestTooltip-ChecksOK": "检查{0}/{1}正常",
    "ContinuousIntegrationTooltip-SomeChecksFailed": "某些检查失败",
    "ContinuousIntegrationTooltip-SomeChecksPending": "某些检查挂起",
    "ContinuousIntegrationTooltip-AllChecksPassed": "已通过所有检查",

    "RemoteBar-Menu": "远程操作",

    "ShPath-ConfirmPath": "这个存储库需要需要sh来运行Git钩子。sh的路径是否位于{0}?",

    "StashBar-Menu": "贮藏操作",

    "WorkDirMessageInput-WIPPlaceholder": "// WIP",
    "CommitAllChangesShortcutTip": "使用Shift-Enter提交所有改动",

    "Timeline-1HourAgo": "1小时前",
    "Timeline-NHoursAgo": "{0}小时前",
    "Timeline-Yesterday": "昨天",
    "Timeline-NDaysAgo": "{0}天前",
    "Timeline-1WeekAgo": "一周前",
    "Timeline-NWeeksAgo": "{0}周前",
    "Timeline-1MonthAgo": "1个月前",
    "Timeline-NMonthsAgo": "{0}个月前",
    "Timeline-1YearAgo": "一年前",
    "Timeline-NYearsAgo": "{0}年前",
    "Timeline-ArbitrarilyLongAgo": "请停止滚动",

    "RightPanel-FilterFiles": "过滤文件",
    "RightPanel-MergeConflictsDetected": "检测到合并冲突",
    "RightPanel-1ChangeOn": "1个文件改动",
    "RightPanel-NChangesOn": "{0}文件改动",
    "RightPanel-NCommitsSelected": "{0}个已选中的提交",
    "RightPanel-PinToBottom": "固定在底边",
    "RightPanel-PinToRight": "固定在右边",
    "RightPanel-RebaseConflictsDetected": "检测到变基冲突",
    "RightPanel-UnsupportedRebase": "外部变基正在进行中",
    "RightPanel-ViewChange": "查看改动",
    "RightPanel-ViewChanges": "查看改动",
    "RightPanel-ViewConflict": "查看冲突",
    "RightPanel-ViewConflicts": "查看冲突",
    "RightPanel-View1FileChangeInWorkingDirectory": "1工作目录中的文件改动",
    "RightPanel-ViewNFileChangesInWorkingDirectory": "工作目录中的 {0} 文件改动",
    "RightPanel-View1FileConflictInWorkingDirectory": "1工作目录中的文件冲突",
    "RightPanel-ViewNFileConflictsInWorkingDirectory": "工作目录中 {0} 文件冲突",
    "RightPanel-ViewAllFiles": "查看所有文件",

    "StagingPanel-ShowMoreFiles": "显示下一个{0}({1}以上)",
    "StagingPanel-Amend": "修改",
    "StagingPanel-UseTemplate": "使用模板",
    "CommitMessage-CommitMessageLabel": "提交消息",
    "CommitMessage-SummaryPlaceholder": "摘要",
    "CommitMessage-DescriptionPlaceholder": "描述",

    "CommitDetailPanel-AndTheWIP": "和WIP",
    "CommitDetailPanel-DiffBetweenACommitAndTheWIP": "查看提交和WIP之间的差异",
    "CommitDetailPanel-DiffBetweenCommitsTitle": "查看{0}个提交的合并差异",
    "CommitDetailPanel-DiffBetweenTwoCommits": "查看两个提交之间的差异",
    "CommitDetailPanel-MergeConflictTitle": "合并冲突",
    "CommitDetailPanel-MergeTitle": "合并",
    "CommitDetailPanel-MergeMessage": "将 {0}合并到{1}中",
    "CommitDetailPanel-UnsupportedRebaseTitle": "检测到外部变基",
    "CommitDetailPanel-UnsupportedRebaseMessage": "当变基在其他应用程序中运行时, GitKraken的功能受到限制",
    "UncommittedFileList-StagedFilesTitleSummary": "已暂存文件({0})",
    "UncommittedFileList-UnstagedFilesTitleSummary": "未暂存文件({0})",
    "UncommittedFileList-ConflictedFilesTitleSummary": "冲突文件({0})",
    "UncommittedFileList-UnconflictedFilesTitleSummary": "已解析文件({0})",
    "CommitDiffSection-NFilesAdded": "{0}添加",
    "CommitDiffSection-NFilesDeleted": "{0}删除",
    "CommitDiffSection-NFilesModified": "{0}修改",
    "CommitDiffSection-NFilesRenamed": "{0}改名",

    "FileViewPanel-DiffView": "差异视图",
    "FileViewPanel-EditInWorkDir": "在工作目录中编辑",
    "FileViewPanel-EditThisFile": "编辑此文件",
    "FileViewPanel-Editable": "编辑",
    "FileViewPanel-FileView": "文件视图",
    "FileViewPanel-DiffFileMode": "将文件模式从{0}改动为{1}",
    "FileViewPanel-HunkView": "区块视图",
    "FileViewPanel-InlineView": "内联视图",
    "FileViewPanel-NextDiff": "下一个更改",
    "FileViewPanel-PreviousDiff": "上一个更改",
    "FileViewPanel-SplitView": "拆分视图",
    "FileViewPanel-ToggleSplitView": "切换拆分视图",
    "FileViewPanel-IgnoreWhiteSpace": "忽略空格",
    "FileViewPanel-History": "历史",
    "FileViewPanel-Blame": "追责",

    "FileContentsPanel-Binary": "二进制文件",
    "FileContentsPanel-Deleted": "文件已删除",
    "FileContentsPanel-Tree": "目录",
    "FileContentsPanel-EmptyDiff": "该文件尚未改动。",

    "DiffPanel-EmptyFile": "空文件",

    "FileNodeListControls-FullPath": "路径",
    "FileNodeListControls-SortByNameLabel": "按文件名排序",
    "FileNodeListControls-TreeView": "树状",

    "FileNodeListHeader-CollapseAll": "全部折叠",
    "FileNodeListHeader-ExpandAll": "全部展开",

    "FileNode-1HiddenSelection": "已选中1个文件",
    "FileNode-NHiddenSelections": "已选中{0}个文件",

    "Merge-AutoResolved": "合并工具自动解决冲突",
    "Merge-A": "A",
    "Merge-B": "B",
    "Merge-BinaryFile": "二进制文件",
    "Merge-Commit": "提交",
    "Merge-ConflictXofY": "冲突{0}/{1}",
    "Merge-DontTake": "删除此行",
    "Merge-NoAncestorFile": "没有上级文件",
    "Merge-NoImage": "无图片",
    "Merge-Reset": "清除选择",
    "Merge-ResetMerge": "重置",
    "Merge-SaveOutput": "保存输出",
    "Merge-SaveWithConflicts": "创建冲突区块",
    "Merge-TakeAll": "全部使用",
    "Merge-UntakeAll": "全部取消",
    "Merge-TakeLeft": "使用A",
    "Merge-TakeLeftOnly": "仅使用A",
    "Merge-TakeLine": "使用此行",
    "Merge-TakeRight": "使用B",
    "Merge-TakeRightOnly": "仅使用B",
    "Merge-OneConflict": "(1个冲突)",
    "Merge-Output": "输出",
    "Merge-ProFeature": "它是GitKraken Pro的一个功能",
    "Merge-Unknown": "应用补丁或贮藏",
    "Merge-WithGitKrakenPro": "你需要GitKraken专业版",
    "Merge-EditOutput": "编辑文件输出",
    "Merge-ProMergeDescription": "升级到GitKraken专业版并进一步简化合并冲突解决方案, 无需离开应用程序即可直接编辑输出。",
    "Merge-XConflicts": "({0}个冲突)",

    "DiffImage-ShowDiffOverlay": "旧图片上的差异叠加",
    "DiffImage-ErrorLoadingImage": "加载图片时出错。",
    "DiffImage-OldImage": "旧图像",
    "DiffImage-NewImage": "新图像",

    "RefZone-EnterBranchName": "输入分支名称",
    "RefZone-EnterTagName": "输入标签名称",
    "RefZone-LocalRefLabel": "本地",
    "RefZone-SubmoduleTagTip": "子模块父引用",

    "ChangeRepo-CloneRepo": "克隆",
    "ChangeRepo-InitRepo": "初始化",
    "ChangeRepo-OpenRepo": "打开",

    "CloseRepo-CloseFailed": "关闭失败",

    "OpenRepo-AddProjectFolder": "添加项目文件夹",
    "OpenRepo-AddProjectFolderTooltip": "添加一个文件夹, 您可以在其中保存多个存储库, 因此GitKraken可以帮助您快速打开它们",
    "OpenRepo-BrowseForProjectDirectory": "浏览项目目录",
    "OpenRepo-BrowseForReposButtonLabel": "打开一个存储库",
    "OpenRepo-BrowseForReposDialogTitle": "选择要打开的存储库",
    "OpenRepo-Favorites": "收藏夹",
    "OpenRepo-IsOpenIndicator": "(已打开)",
    "OpenRepo-NoReposFavorited": "没有收藏的存储库。",
    "OpenRepo-NoReposFound": "GitKraken 没有找到任何存储库。",
    "OpenRepo-OpenFailed": "打开失败",
    "OpenRepo-OpeningRepo": "正在打开存储库",
    "OpenRepo-ProjectFoldersSection": "项目组",
    "OpenRepo-RecentlyOpened": "最近打开的",
    "OpenRepo-SearchingForRepos": "正在寻找存储库",

    "CloneRepo-ArchivedRepoSuffix": "(存档)",
    "CloneRepo-CloneARepo": "克隆存储库",
    "CloneRepo-CloneDestinationPath": "要克隆到的位置",
    "CloneRepo-ClonedRepoName": "完整路径",
    "CloneRepo-CloneRepoButtonLabel": "克隆存储库！",
    "CloneRepo-RepoToCloneViaService": "要克隆的存储库",
    "CloneRepo-RepoToCloneUrl": "URL",
    "CloneRepo-CloneSuccess": "存储库'{0}'克隆成功",
    "CloneRepo-CloneFailed": "克隆失败",
    "CloneRepo-CloneViaUrl": "使用URL克隆",

    "InitRepo-CreateRepoButtonLabel": "创建存储库",
    "InitRepo-CreateRepoAndCloneButtonLabel": "创建存储库并克隆",
    "InitRepo-CreateRepoTarget": "初始化",
    "InitRepo-GitIgnoreTemplate": ".gitignore模板(可选)",
    "InitRepo-GitIgnoreTypeaheadPlaceholder": "开始输入以搜索模板",
    "InitRepo-InitLocally": "仅限本地",
    "InitRepo-InitARepo": "初始化存储库",
    "InitRepo-License": "许可证(可选)",
    "InitRepo-HostingServiceAccountLabel": "账户",
    "InitRepo-HostingServiceProjectLabel": "项目",
    "InitRepo-HostingServiceRepoNameLabel": "名称",
    "InitRepo-HostingServiceRepoDescriptionLabel": "描述",
    "InitRepo-HostingServiceAccessLabel": "访问",
    "InitRepo-HostingServiceCloneAfterInitLabel": "初始化后克隆",
    "InitRepo-NewRepoPath": "新建存储库路径",
    "InitRepo-PublicAccess": "公开",
    "InitRepo-PrivateAccess": "私有",

    "FileHistory-NothingFound": "已搜索到{0}({1})",
    "FileHistory-ContinueLooking": "深入",

    "GeneralPreferences": "常规",
    "GeneralPreferences-AutoFetchInterval": "自动获取间隔",
    "GeneralPreferences-AutoFetchIntervalHelp": "它可以设置为0到60分钟(设置为0时, 禁用自动获取)。获取所有可见的远程。",
    "GeneralPreferences-AutoFetchIntervalWarning": "如果您有许多可见的远程, 这可能会影响性能。",
    "GeneralPreferences-AutoFetchIntervalWarningWithLfs": "如果您有许多可见的远程, 这可能会影响性能。LFS 对象将不会自动获取。",
    "GeneralPreferences-AutoPrune": "自动裁剪",
    "GeneralPreferences-CustomTerminalCmd": "自定义命令终端",
    "GeneralPreferences-CustomTerminalCmdHelp": "打开新终端窗口时将执行该命令。关键字%d将被替换为存储库路径",
    "GeneralPreferences-DefaultTerminal": "默认终端",
    "GeneralPreferences-DeleteOrigAfterMerge": "合并后删除\".orig\"文件",
    "GeneralPreferences-DiffTool": "差异工具",
    "GeneralPreferences-UseSameDiffTool": "使用合并工具作为比较工具",
    "GeneralPreferences-UseSameDiffToolHelp": "使用配置的合并工具显示差异",
    "GeneralPreferences-MergeTool": "合并工具",
    "GeneralPreferences-MergeToolHelp": "选设置用于解决合并冲突的应用程序",
    "GeneralPreferences-GitConfigDefault": "Git Config默认",
    "GeneralPreferences-RememberLastOpenedRepository": "启动时记住上次打开的存储库",
    "GeneralPreferences-OptIntoAnalytics": "将GitKraken使用数据发送给Axosoft",
    "GeneralPreferences-OptIntoBugReporting": "将关于GitKraken的bug报告发送给Axosoft",
    "GeneralPreferences-WindowsShPathLocation": "sh.exe的路径",
    "GeneralPreferences-WindowsShPathLocationHelp": "只有在使用Git钩子时才需要指定sh.exe的路径。\nsh.exe可以在Git for Windows的安装路径下找到\n它通常位于Program Files\\Git\\bin。\n如果找不到它, 则可能需要安装Git for Windows。",
    "GeneralPreferences-UseCustomTerminalCmd": "使用自定义终端命令",

    "RepoSpecificPreferences": "特定存储库首选项",

    "GitConfig": "Git配置",
    "GitConfig-Email": "电子邮件地址",
    "GitConfig-Name": "用户名",
    "GitConfig-AutoCRLF": "自动行尾字符",

    "Authentication": "认证",
    "SSHKey": "SSH密钥",
    "SSHConfig": "SSH配置",
    "SSHConfig-GenerateNewKey": "生成新的密钥/公钥",
    "SSHConfig-GenerateNewKeyButtonLabel": "生成",
    "SSHConfig-GenerateNewKeyHelp": "这将创建新的密钥并配置GitKraken以使用它们",
    "SSHConfig-UseLocalSSHAgent": "使用本地SSH代理",
    "SSHConfig-SSHPrivateKey": "SSH密钥",
    "SSHConfig-SSHPublicKey": "SSH公钥",
    "SSHConfig-SSHKeySaveLocation": "SSH密钥保存位置",
    "Authentication-ForgetAllCredentials": "忘记所有用户名/密码",
    "Authentication-ForgetAll": "忘记所有",
    "Authentication-NoCredentialsToRemove": "GitKraken没有要删除的存储凭据",

    "Service": "服务",
    "Services": "服务",
    "Services-AddAndCopy": "添加SSH密钥并将其复制到剪贴板",
    "Services-AddedDate": "{0}已添加",
    "Services-AddExistingSSHKey": "添加现有SSH密钥",
    "Services-AddToService": "添加{0}",
    "Services-BrowseForPublicSSHKey": "浏览**公**钥",
    "Services-BrowseForPrivateSSHKey": "浏览**私**钥",
    "Services-CannotDisconnectLoginService": "当{0}被用于登录GitKraken时, 不能断开连接。",
    "Services-ClearSSHKey": "停止使用",
    "Services-ComingSoon": "即将推出",
    "Services-Connect": "连接",
    "Services-Connected": "已连接",
    "Services-ConnectedWithService": "已连接到{0}",
    "Services-CopySSHPublicKeyToClipboard": "将公钥复制到剪贴板",
    "Services-CopySSHPublicKeyAndOpenWebsite": "将公钥复制到剪贴板并使用{0}打开它",
    "Services-AuthenticationGeneral": "常规",
    "Services-DeleteSSHKey": "删除本地",
    "Services-Disconnect": "断开",
    "Services-EditConfig": "编辑",
    "Services-Reconnect": "重连接",
    "Services-RemoveConfig": "删除",
    "Services-RemoveConfigTooltip": "移除与此服务器的连接",
    "Services-RemoveSSHKey": "删除密钥",
    "Services-RemoveAndDeleteSSHKey": "移除并删除",
    "Services-GenerateSSHKey": "生成SSH密钥",
    "Services-GenerateAndAddSSHKey": "生成SSH密钥并添加到{0}",
    "Services-GenerateAndCopySSHKey": "生成SSH密钥并复制到剪贴板",
    "Services-HostDomain": "主机域",
    "Services-HostDomainHint": "例如: {0}.mycompany.com",
    "Services-HostDomainHintAzureDevops": "例如, dev.azure.com/mycompany",
    "Services-Info": "设置SSH并继续登录以优化您的体验。GitKraken可以为每个服务设置不同的SSH密钥。",
    "Services-KeyPrivate": "私钥: {0}",
    "Services-KeyPublic": "公钥: {0}",
    "Services-LeaveBlank": "建议此字段留空",
    "Services-ServiceNotConnected": "{0}未连接",
    "Services-NotConnected": "未连接",
    "Services-AddKey": "将密钥添加到{0}",
    "Services-PersonalAccessToken": "个人访问令牌",
    "Services-PersonalAccessTokenGenerate": "创建{0}的访问令牌",
    "Services-PersonalAccessTokenTooltip": "GitKraken可以使用个人访问令牌连接到企业服务器, 并简化应用程序中的操作. 单击 <i class=\"zmdi zmdi-help-outline color-accent\"> </i> 了解如何执行。",
    "Services-GitKrakenNeedsATokenFrom": "GitKraken需要一个令牌从",
    "Services-WithTheFollowingSettings": "使用以下设置：",
    "Services-GenerateATokenOn": "在{0}上生成令牌",
    "Services-Repo": "{0}存储库",
    "Services-ServiceConnectionSuccessful": "已连接到{0}",
    "Services-ServiceConnectionSuccessfulMessage": "在克隆或添加远程时, GitKraken将帮助您查找{0}上的内容。我们还将使用您的SSH配置来获取和推送;或者, 您可以在\"服务\"菜单中设置一个{0}特定的SSH密钥。",
    "Services-ServiceConnectionSuccessfulWithoutRemotesMessage": "GitKraken将帮助您在克隆时查找{0}上的内容。我们还将使用您的SSH配置来获取和推送;或者, 您可以在\"服务\"菜单中设置一个{0}特定的SSH密钥。",
    "Services-SSHKey": "SSH密钥",
    "Services-SSHKeyAdviseAdd": "在{0}账户上找不到此项。GitKraken可以尝试将密钥添加到{0}(推荐)。",
    "Services-SSHKeyAdviseInvalid": "在{0}账户上找不到此项。您可以从下面配置GitHub的SSH密钥。",
    "Services-SSHKeyAdviseInvalidOrAdd": "在{0}账户上找不到此项。GitKraken可以尝试将密钥添加到{0}, 也可以在下面配置其他密钥。",
    "Services-SSHKeyAdditionSuccessful": "将SSH密钥已添加到{0}!",
    "Services-SSHKeyRemovalSuccessful": "SSH密钥已从{0}中删除。",
    "Services-SSHKeyTitlePlaceholder": "(可选)请输入新SSH密钥的标题",
    "Services-SSHKeyTooltip": "使用GitKraken将SSH密钥添加到 {0}。在与{0} SSH存储库交互时, GitKraken将使用该密钥。",
    "Services-SSHKeyUnverifiable": "{0}不允许外部应用程序检查公钥是否已注册。如果您的密钥未被{0}接受, 请使用下面的按钮, 并确保该键已添加到{1}上。",
    "Services-UsingAgent": "使用系统SSH本地代理",
    "Services-UsingDefaults": "使用默认的GitKraken SSH密钥",
    "Services-UsingNone": "未检测到 SSH 设置。可以将 SSH 密钥添加到下面的 {0}。",
    "Services-WaitingForAuthorization": "正在等待授权...",
    "Services-WaitingForAuthorizationTooltip": "正在等待与 {0} 建立的连接。单击此处再次尝试连接。",
    "Services-UsingQuestion": "是否使用 {0}?",
    "Services-GitHubEnterpriseUpgradeToPro": "升级到GitKraken专业版并享与GitHub企业服务器相同的集成，就像使用GitHub.com一样",
    "Services-BitbucketServerUpgradeToPro": "升级到GitKraken专业版并享与BitBucket服务器相同的集成，就像使用Bitbucket.org一样",
    "Services-GitLabSelfHostedUpgradeToPro": "升级到GitKraken专业版并享与Gi​​tLab服务器相同的集成，就像使用GitLab.com一样",
    "Services-AzureDevopsUpgradeToPro": "升级到GitKraken专业版以开始使用Azure开发运维集成",
    "Services-Error-HostDomainUnreachable": "无法访问指定的主机",
    "Services-Error-PersonalAccessTokenInvalid": "指定的个人访问令牌无效",
    "Services-Error-SavePersonalAccessTokenFailed": "使用个人访问令牌进行连接失败",

    "Shop-ShopTitle": "账户管理",
    "Shop-OpenInBrowser": "在浏览器中打开",

    "CommitTemplate": "提交模板",
    "CommitTemplates-Description": "描述",
    "CommitTemplates-Summary": "摘要",
    "CommitTemplates-TitleLimitHelpText": "使用为提交摘要分配的 {0}/{1} 个字符",
    "CommitTemplates-TitleLimitExceeded": "超过了用于提交摘要的字符限制 ({0})!",
    "CommitTemplates-SuccessSaveTemplate": "保存提交模板成功",
    "CommitTemplates-ErrorSaveTemplate": "保存提交模板时出错",
    "CommitTemplates-SaveCommitTemplate": "保存提交模板",
    "CommitTemplates-Instructions": "应用默认初始消息，可在提交时保持摘要和描述的一致性。有关详细信息, 请参阅",
    "CommitTemplates-CommitTemplateDocumentation": "Git提交模板文档",
    "CommitTemplates-UseTemplateForCommitMessages": "将此模板应用于提交消息",
    "CommitTemplates-RemoveCommentsFromCommitMessages": "从提交消息中删除注释",

    "GitFlow": "Git工作流",
    "GitFlow-Branches": "分支",
    "GitFlow-Prefixes": "前缀",
    "GitFlow-Master": "主干",
    "GitFlow-Develop": "开发",
    "GitFlow-Feature": "功能",
    "GitFlow-Release": "发布",
    "GitFlow-Hotfix": "热修复",
    "GitFlow-VersionTag": "版本标签",
    "GitFlow-Init": "初始化Git工作流",
    "GitFlow-Init-NoRepo": "必须打开一个存储库才能初始化 Git 流。",
    "GitFlow-Init-Success": "Git工作流初始化成功",
    "GitFlow-Init-Failure": "Git工作流初始化失败",
    "GitFlow-Update": "更新Git工作流设置",
    "GitFlow-UpdateWarning": "更改这些前缀将导致使用不同前缀的现有分支被Git工作流忽略。",
    "GitFlow-Start": "启始",
    "GitFlow-StartAt": "启始于:",
    "GitFlow-StartFeature": "启始功能",
    "GitFlow-StartHotfix": "启始热修复",
    "GitFlow-StartRelease": "启始发布",
    "GitFlow-StartFeatureSuccess": "功能已启始: '{0}'",
    "GitFlow-StartHotfixSuccess": "热修复已启始: '{0}'",
    "GitFlow-StartReleaseSuccess": "发布已启始: '{0}'",
    "GitFlow-Finish": "完结",
    "GitFlow-Finish-Branch": "完结{0}",
    "GitFlow-FinishFeature": "完结功能",
    "GitFlow-FinishFeatureSuccess": "功能已完结: '{0}'",
    "GitFlow-FinishHotfix": "完结热修复",
    "GitFlow-FinishHotfixSuccess": "热修复已完结: '{0}'",
    "GitFlow-FinishRelease": "完结发布",
    "GitFlow-FinishReleaseSuccess": "发布已完结: '{0}'",
    "GitFlow-LatestDevelop": "最新的{0}",
    "GitFlow-WorkingCopy": "当前分支",
    "GitFlow-DeleteBranch": "删除分支",
    "GitFlow-RebaseOnDevelop": "变基为{0}",
    "GitFlow-TagMessage": "标签消息",
    "GitFlow-Exit": "退出Git工作流",
    "GitFlow-CannotFinishFeatureMissingRef": "无功能可完结",
    "GitFlow-CannotFinishFeatureMissingDevelop": "{0}分支必须完结功能",
    "GitFlow-CannotFinishHotfixMissingRef": "无热修复可完结",
    "GitFlow-CannotFinishHotfixMissingBoth": "{0}和{1}分支必须完结热修复",
    "GitFlow-CannotFinishHotfixMissingDevelop": "{0}分支必须完结热修复",
    "GitFlow-CannotFinishHotfixMissingMaster": "{0}分支必须完结热修复",
    "GitFlow-CannotFinishReleaseMissingRef": "无发布可完结",
    "GitFlow-CannotFinishReleaseMissingBoth": "{0}和{1}分支必须完结热修复",
    "GitFlow-CannotFinishReleaseMissingDevelop": "{0}分支必须完结发布",
    "GitFlow-CannotFinishReleaseMissingMaster": "{0}分支必须完结发布",
    "GitFlow-CannotStartFeatureMissingDevelop": "{0}分支必须启始功能",
    "GitFlow-CannotStartHotfixMissingMaster": "{0}分支必须启始热修复",
    "GitFlow-CannotStartReleaseMissingDevelop": "{0}分支必须启始发布",

    "Lfs-TrackingPatternPlaceholder": "请输入模式(例如: *.Zip)",
    "Lfs-AddTrackingPattern": "添加跟踪模式",
    "Lfs-ViewGitattributes": "在编辑器中查看.gitattributes",
    "Lfs-PreferencesHeader": "LFS",
    "Lfs-HasNotBeenInitialized": "LFS未使用{0}进行初始化",
    "Lfs-InitializeLfs": "初始化LFS",
    "Lfs-InitializeLfsOnThisRepo": "在此存储库初始化LFS",
    "Lfs-TrackingPatterns": "跟踪模式",
    "Lfs-AllFilesWithSameExtension": "跟踪具有扩展名 \"{0}\" 的所有文件",
    "Lfs-AllFilesInFolder": "跟踪 \"{0}/\" 下的所有文件",
    "Lfs-TrackFile": "跟踪 \"{0}\"",
    "Lfs-Commands": "LFS命令",
    "Lfs-Push": "推送所有LFS文件",
    "Lfs-Prune": "剪裁本地LFS存储库",
    "Lfs-Pull": "拉取所有 LFS 文件",
    "Lfs-Checkout": "检出所有LFS文件",
    "Lfs-Fetch": "获取所有LFS文件",
    "Lfs-IsWorking": "工作...",
    "Lfs-PullLfsNow": "您确定要拉出所有LFS文件吗?",
    "Lfs-InitializeWithLfs": "初始化LFS",
    "Lfs-SettingsHeader": "LFS设置",
    "Lfs-LfsNotInstalledMessage": "此存储库需要LFS, 但尚未安装。改动LFS管理的文件可能会对存储库产生负面影响。有关安装LFS的信息, 请访问支持网站。",
    "Lfs-LfsNotProperVersionMessage": "Git或LFS的版本已过期。改动LFS管理的文件可能会对存储库产生负面影响。有关安装LFS的信息, 请访问支持网站。",
    "Lfs-ContinueWithoutLfs": "继续无LFS",
    "Lfs-VisitSupportDocs": "查看文档",
    "Lfs-NewPattern": "添加新模式",
    "Lfs-FetchHeader": "获取",
    "Lfs-PullHeader": "拉取",
    "Lfs-PushHeader": "推送",
    "Lfs-PruneHeader": "剪裁",
    "Lfs-CheckoutHeader": "检出",
    "Lfs-ErrorPull": "拉取LFS时发生错误",
    "Lfs-ErrorFetch": "获取LFS期间发生错误",
    "Lfs-ErrorPush": "推送LFS时发生错误",
    "Lfs-ErrorPrune": "在LFS剪裁期间发生错误",
    "Lfs-ErrorCheckout": "LFS检出时发生错误",
    "Lfs-SuccessPull": "LFS拉成功",
    "Lfs-SuccessFetch": "LFS获取成功",
    "Lfs-SuccessPush": "LFS推进成功",
    "Lfs-SuccessPrune": "LFS剪裁成功",
    "Lfs-SuccessCheckout": "LFS检出成功",
    "Lfs-UpToDate": "LFS文件是最新的",
    "Lfs-NeedsYourCredentials": "LFS需要身份验证信息",

    "Submodule": "子模块",
    "Submodule-CannotStageUncommittedSubmoduleChanges": "有些改动尚未提交给子模块。请提交改动并打开子模块。",
    "Submodule-CheckingOut": "正在检出子模块{0}",
    "Submodule-CommitMessageDeleted": "已移除子模块{0}",
    "Submodule-CommitMessageNew": "子模块{0}已添加",
    "Submodule-CommitMessageUpdated": "已更新子模块{0}",
    "Submodule-CommitWithAlreadyStagedPrompt": "您有已暂存的改动，是否也要提交这些改动?",
    "Submodule-CouldNotShowCurrent": "在初始化子模块之前无法解决子模块{0}中的合并冲突",
    "Submodule-Create": "添加子模块",
    "Submodule-Creating": "正在添加子模块",
    "Submodule-DeletePrompt": "这是一种破坏性的操作, 确定要删除 \"{0}\"吗?",
    "Submodule-Deleting": "正在移除子模块",
    "Submodule-Edit": "编辑子模块",
    "Submodule-Fetching": "正在获取子模块{0}",
    "Submodule-FetchingRecursively": "正在递归获取子模块{0}",
    "Submodule-FormAdded": "已添加",
    "Submodule-FormCheckout": "检出",
    "Submodule-FormCommit": "提交改动",
    "Submodule-FormCurrentRevision": "当前修订版",
    "Submodule-FormDefault": "默认",
    "Submodule-FormMerge": "合并",
    "Submodule-FormName": "名称",
    "Submodule-FormNamePath": "名称/路径",
    "Submodule-FormNone": "无",
    "Submodule-FormOpen": "打开此子模块",
    "Submodule-FormPath": "路径",
    "Submodule-FormPointerRevision": "预期的提交",
    "Submodule-FormRebase": "变基",
    "Submodule-FormRemove": "删除此子模块",
    "Submodule-FormReset": "丢弃子模块中的改动",
    "Submodule-FormUpdateStrategy": "更新策略",
    "Submodule-FormUrl": "远程URL",
    "Submodule-FormWorkdirRevision": "已检出提交",
    "Submodule-InitAllPrompt": "您确定要初始化{0}的子模块吗?",
    "Submodule-Initialize": "初始化",
    "Submodule-Initializing": "初始化子模块",
    "Submodule-InitializingProgress": "初始化子模块{0}({1})",
    "Submodule-InitializingUpdate": "更新...",
    "Submodule-Menu": "子模块操作",
    "Submodule-LocalModifications": "有些改动未提交给子模块",
    "Submodule-OpenImplied": "打开子模块",
    "Submodule-UseCurrent": "使用当前的",
    "Submodule-Open": "打开子模块: {0}",
    "Submodule-PathExistsPrompt": "路径{0}已存在，是否删除它?",
    "Submodule-Status-AddedUninitialized": "您的子模块已添加, 但需要初始化。",
    "Submodule-Status-AddedInitialized": "您的子模块已添加和初始化, 但未提交。",
    "Submodule-Status-Deleted": "您已删除此子模块, 需要提交改动。",
    "Submodule-Status-Dirty": "此子模块中存在未提交的改动。",
    "Submodule-Status-DirtyAndOutOfSync": "此子模块中存在未提交的改动, 并且与{0}不同步。",
    "Submodule-Status-InSync": "此子模块与您的存储库 ({0}) 同步。",
    "Submodule-Status-OutOfSync": "子模块与{0}不同步。",
    "Submodule-Status-Uninitialized": "您的子模块目录尚未初始化。",
    "Submodule-UnableToDiff": "无法比较子模块差异。",
    "Submodule-Update": "更新{0}",
    "Submodule-InitializeSpecific": "初始化{0}",
    "Submodule-DirInIndex": "索引中的路径\"{0}\"已作为目录存在。",

    "ModifySubmodule-Submit": "编辑此子模块",

    "UIPreferences": "用户界面",
    "UIPreferences-Theme": "主题",
    "UIPreferences-ShowToolbarLabels": "显示工具栏图标的标签",
    "UIPreferences-Spellcheck": "启用拼写检查",
    "Theme-Light": "亮",
    "Theme-Dark": "暗",
    "UIPreferences-Language": "语言",
    "UIPreferences-UseAuthorInitialsForAvatars": "显示作者首字母缩写，而非头像",

    "EditorPreferences": "编辑器",
    "EditorPreferences-DefaultFont": "{0} (默认)",
    "EditorPreferences-EOLCharacter": "行尾字符",
    "EditorPreferences-EOLCharacterLF": "LF",
    "EditorPreferences-EOLCharacterCRLF": "CRLF",
    "EditorPreferences-Font": "字体",
    "EditorPreferences-FontSize": "字体大小",
    "EditorPreferences-NoFontsFound": "找不到字体",
    "EditorPreferences-ShowLineNumbers": "显示行号",
    "EditorPreferences-SyntaxHighlighting": "语法高亮",
    "EditorPreferences-WordWrap": "文字换行",
    "EditorPreferences-TabSize": "制表符宽度",

    "ToolbarLabels-Chipotle": "吃葡萄",
    "ToolbarLabels-Fetch": "获取",
    "ToolbarButton-DropdownMessage": "选择单击此存储库的Glo按钮时要打开的默认面板",
    "ToolbarButton-DropdownFilterPlaceholder": "筛选面板",
    "ToolbarButton-DropdownFilterNoResults": "无结果",

    "ProvideFeedback-SendUsFeedback": "向我们发送反馈",
    "SendUsFeedback": "向我们发送反馈",
    "SendUsFeedback-CantRespondToAllFeedback": "当 GitKraken 团队阅读所有反馈时, 我们无法回复大多数反馈电子邮件。",
    "SendUsFeedback-DefaultSubject": "关于GitKraken({0})的反馈",
    "SendUsFeedback-EmailAddress": "电子邮件地址",
    "SendUsFeedback-EmailUsYourself": "或者, 你可以自己发电子邮件给我们在",
    "SendUsFeedback-Feedback": "反馈",
    "SendUsFeedback-Subject": "主题",
    "ProvideFeedback-GetSupport": "获得支持",
    "ProvideFeedback-DefaultText": "摘要: \n \n [描述问题的简短句子] \n\n重现步骤: \n\n 1. [第一步] \n 2. [第二步] \n 3. [等等... ] \n\n预期行为: [您期望发生什么] \n\n实际行为: [实际发生的事情]",
    "GetSupport": "获得支持",
    "GetSupport-FreeUserUpSell": "由于GitKraken被许多人使用, 使用免费版本的人目前无法通过电子邮件获得支持。",
    "GetSupport-DefaultSubject": "GitKraken的支持问题({0})",
    "GetSupport-Subject": "标题",
    "GetSupport-SupportQuestion": "获取支持",

    "PromptDeletedFileConflict-KeepAncestor": "保留原始版本",
    "PromptDeletedFileConflict-KeepModified": "保留改动版本",
    "PromptDeletedFileConflict-KeepNew": "保留新版本",
    "PromptDeletedFileConflict-Message": "{0}已在{1}中改动, 但在{2}中已被删除",
    "PromptDeletedFileConflict-NoBaseNoPairMessage": "你想离开{0}吗?",
    "PromptDeletedFileConflict-RemoveFile": "删除文件",

    "PromptForCreds-EnterCredentialsForProxy": "请输入{0}的身份验证信息:",
    "PromptForCreds-InvalidCredentialsForProxy": "{0}的身份验证信息无效。请重试:",
    "PromptForCreds-EnterSSHPassphrase": "请输入SSH密钥密码:",
    "PromptForCreds-EnterServiceSSHPassphrase": "请输入{0}的SSH密钥密码:",
    "PromptForCreds-IncorrectSSHPassphrase": "SSH密钥密码错误。请重试:",
    "PromptForCreds-IncorrectServiceSSHPassphrase": "{0}的SSH密钥密码错误。请重试:",
    "PromptForCreds-PasswordPlaceholder": "密码",
    "PromptForCreds-PleaseLogIn": "请登录后继续:",
    "PromptForCreds-InvalidLogin": "登录无效。请重试:",
    "PromptForCreds-UsernamePlaceholder": "用户名",
    "PromptForCreds-EnterUsername": "请输入{0}的用户名",
    "PromptForCreds-EnterUsernameInvalid": "用户名{0}不正确。请重试:",
    "PromptForCreds-RememberMe": "保存验证信息",

    "PromptForMerge-SaveAncestor": "您尚未选择A或B, 确定要保存上级文件吗?",
    "PromptForMerge-SaveMergeWithUnresolvedConflicts": "您有未解决的冲突。您想怎样继续?",

    "PromptForPush-LocalIsBehindRemote": "'{0}'落后于'{1}', 请通过拉取来更新您的分支。",
    "PromptForPush-ConfirmForcePush": "强制推送是一种破坏性的行为且不能撤消。是否确定?",
    "PromptForPush-OAuthInvalid": "您的的OAuth令牌'{0}'被标记无效。是否刷新您的OAuth凭证或在无OAuth的情况下重试?",

    "PromptForTagAnnotation-Message": "消息:",
    "PromptForTagAnnotation-Placeholder": "批注消息",

    "PromptForRemoteDeletionConfirmation": "这是一种破坏性的操作。确定要删除\"{0}\"吗?",

    "PromptForDeleteRepo-Delete": "删除存储库",
    "PromptForDeleteRepo-Message": "是否永久删除存储库{0}?",

    "PromptIgnore-Message": "是否忽略'{0}'?",
    "PromptIgnoreMultiple-Message": "忽略{0}个文件?",
    "PromptIgnore-Ignore": "忽略",
    "PromptIgnore-IgnoreAndUntrack": "忽略并停止跟踪",

    "PromptNewBranchAtRemote-BranchNamePlaceholder": "分支名称",
    "PromptNewBranchAtRemote-CreateBranch": "在此处创建分支",
    "PromptNewBranchAtRemote-Message": "本地分支'{0}'已存在。",
    "PromptNewBranchAtRemote-ResetLocal": "将本地重置到此处",

    "PromptForNewBranchName-InvalidBranchName": "给定的分支名称无效",
    "PromptForNewBranchName-Message": "重命名'{0}'为:",
    "PromptForNewBranchName-Placeholder": "新分支名称",

    "CommitMessage-RemoteBranchCreated": "分支: 创建{0}",

    "RemoteForm-AddRemote": "添加远程",
    "RemoteForm-AddRemoteButtonLabel": "添加远程",
    "RemoteForm-Bitbucket": "Bitbucket.org",
    "RemoteForm-BitbucketServer": "Bitbucket服务器",
    "RemoteForm-ConnectToService": "连接到{0}",
    "RemoteForm-EditManually": "编辑远程",
    "RemoteForm-EditRemote": "编辑远程",
    "RemoteForm-GitHub": "GitHub.com",
    "RemoteForm-GitHubEnterprise": "GitHub企业版",
    "RemoteForm-GitLab": "GitLab.com",
    "RemoteForm-GitLabSelfHosted": "GitLab(自建主机)",
    "RemoteForm-NoMatch": "没有匹配",
    "RemoteForm-PushURL": "推送URL",
    "RemoteForm-PullURL": "拉取URL",
    "RemoteForm-RemoteName": "名称",
    "RemoteForm-SearchRemotes": "搜索远程",
    "RemoteForm-SearchService": "搜索{0}",
    "RemoteForm-SelectPlaceholder": "选择...",
    "RemoteForm-TooManyServiceRemotesWarningNForks":
      "我们正在检索与此存储库关联的{0}个分叉。从{1}获取URL可能会更快",
    "RemoteForm-TooManyServiceRemotesWarningManyForks":
      "我们正在检索与此存储库关联的大量分叉。从{1}获取URL可能会更快",
    "RemoteForm-Url": "URL",
    "RemoteForm-AzureDevops": "Azure开发运维",

    "MergeConflictsPanel-1ConflictMustBeResolved": "请在继续之前解决1个冲突",
    "MergeConflictsPanel-NConflictsMustBeResolved": "请在继续之前解决{0}个冲突",

    "SetUpstreamPrompt-InvalidBranchName": "给定的分支名称无效",
    "SetUpstreamPrompt-MustSelectRemote": "您必须选择一个远程(例如\"origin/<branch>\")",
    "SetUpstreamPrompt-SelectRemoteBranchMessage": "请设置\"{0}\"的远程分支",

    "ConfirmationMessage-ClonePullRequestHead": "是否要添加\"{0}\"为远程并检出\"{1}\"?",
    "ConfirmationMessage-DeleteConfigLock":
      "无法锁定.git/config, 因为锁已经存在。可能正在使用另一个程序正在改动存储库。是否要删除此存储库的配置锁以便对其进行修改?",
    "ConfirmationMessage-DeleteFile": "这将删除“{0}”。你确定要继续吗？",
    "ConfirmationMessage-DeleteFiles": "删除已选中的文件。继续处理?",
    "ConfirmationMessage-DeleteGitFlowRef": "这个分支是Git工作流所必需的。确定要删除\"{0}\"吗?",
    "ConfirmationMessage-DeleteRef": "这是一种破坏性的操作。确定要删除“{0}”吗?",
    "ConfirmationMessage-Delete1LocalBranchInFolder": "这是一个破坏性操作, 确实要在\"{0}\"中删除1个本地分支?",
    "ConfirmationMessage-DeleteNLocalBranchesInFolder": "这是一个破坏性操作, 确实要在\"{1}\"中删除{0}个本地分支?",
    "ConfirmationMessage-DeleteAllRefs": "这是一种破坏性的操作。确定要从此节点或远程删除\"{0}\"吗?",
    "ConfirmationMessage-DeleteStash": "这是一种破坏性的操作。确定要删除贮藏区\"{0}\"吗?",
    "ConfirmationMessage-DeleteTagFromRemote": "这是一种破坏性的操作。确定要从\"{1}\"中删除\"{0}\"吗?",
    "ConfirmationMessage-DeleteTagFromAllRemotes": "从远程存储库中删除标签\"{0}\"?",
    "ConfirmationMessage-UnstageAndRemoveFile": "这将取消暂存并删除“{0}”。你确定要继续吗？",
    "ConfirmationMessage-UnstageAndRemoveFiles": "这将取消暂存并删除已选中的文件。继续处理?",
    "ConfirmationMessage-DiscardUnstagedChangesToFile": "这将丢弃对“{0}”的未暂存改动。你确定要继续吗？",
    "ConfirmationMessage-DiscardUnstagedChangesToFiles": "这将丢弃已选中文件中未暂存的改动。继续处理?",
    "ConfirmationMessage-ImmediatelyCommitCherryPick": "是否立即提交摘取的改动?",
    "ConfirmationMessage-ImmediatelyCommitRevert": "是否立即提交还原的改动?",
    "ConfirmationMessage-InitEmptyRepo":
      "需要初始提交才能打开存储库“{0}”。你需要GitKraken为你生成一个提交吗?",
    "ConfirmationMessage-InitRepo":
      "在'{0}'找不到兼容的存储库。是否要在此处创建新存储库?",
    "ConfirmationMessage-MergeConflictStashAndCheckout":
      "检测到合并冲突。要继续合并, 必须贮藏所有改动并检出分支{0}。是否立即执行?",
    "ConfirmationMessage-CreateCommitForMerge": "是否立即提交合并的改动?",
    "ConfirmationMessage-RebaseRequiresStashAndCheckout":
      "要开始变基, 您需要贮藏改动并检出分支\"{0}\"。是否立即执行?",
    "ConfirmationMessage-ResetAll":
      "这将丢弃所有暂存和未缓存的改动, 包括新的未跟踪文件。确定要放弃所有更改?",
    "ConfirmationMessage-ResetFile":
      "这将丢弃对“{0}”的所有已暂存和未暂存改动。你确定要继续吗？",
    "ConfirmationMessage-ResetFiles":
      "这将丢弃已选中文件中所有已暂存和未暂存的更改。是否确定要丢弃所有选定的更改?",
    "ConfirmationMessage-PersistConflictToDisk": "你确定要保存它吗?",

    "UndoRedo-InformationMissing": "撤消信息丢失-这可能是由于垃圾回收造成的。",
    "UndoRedo-RedoFailed": "重做失败",
    "UndoRedo-RedoSuccessful": "重做成功",
    "UndoRedo-UndoFailed": "撤消失败",
    "UndoRedo-UndoSuccessful": "撤消成功",

    "View-AutoUpdate": "选择安装程序",
    "View-AutoUpdate-Downloading": "正在下载更新",
    "View-AutoUpdate-Downloaded": "下载已完成",
    "View-AutoUpdate-SomethingWentWrong": "出了点问题",
    "View-KeyBindings": "键盘快捷键",
    "View-GitHookFailureLog": "钩子日志",
    "View-RepositoryManagement": "存储库管理",
    "View-ToggleLeftPanel": "切换左侧面板",
    "View-ZoomDown": "缩少",
    "View-ZoomReset": "复位",
    "View-ZoomUp": "放大",

    "WelcomeView-Welcome": "欢迎来到GitKraken！",
    "WelcomeView-SupportLink": "观看介绍视频:",
    "WelcomeView-SlackLink": "加入GitKraken Slack社区:",
    "WelcomeView-OpenProject": "打开一个项目",
    "WelcomeView-StartLocalProject": "从本地项目开始",
    "WelcomeView-StartHostedProject": "从远程项目开始:",

    "KeyBindingFilter-Placeholder": "过滤快捷方式({0} + F)",
    "KeyBindingHeader-RepoActions": "存储库操作",
    "KeyBindingHeader-Navigation": "导航",
    "KeyBindingHeader-FuzzyFinder": "模糊查找器",
    "KeyBindingHeader-UI": "用户界面",
    "KeyBinding-or": "或",
    "Keybinding-CloseFileOrRepo": "关闭文件或存储库",
    "KeyBinding-Commit": "提交(如果输入消息)",
    "KeyBinding-CommitWithStage": "暂存所有并提交(如果输入消息)",
    "KeyBinding-CreateBranch": "创建分支",
    "KeyBinding-SearchCommits": "搜索提交",
    "KeyBinding-Fetch": "获取所有",
    "KeyBinding-FilterBranches": "筛选左侧面板",
    "KeyBinding-OpenFileInExternalDiffOrMergeTool": "使用外部差异/合并工具打开已选中的文件",
    "Keybinding-OpenRepoInTerminal": "在终端中打开存储库",
    "KeyBinding-FuzzyFinderHistory": "搜索文件以查看其历史记录/追责",
    "Keybinding-FuzzyFinderOpenRepo": "在模糊查找器中打开存储库",
    "KeyBinding-SelectFirst": "选择第一个元素",
    "KeyBinding-SelectLast": "选择最后一个元素",
    "KeyBinding-SelectNext": "选择下一个元素",
    "KeyBinding-SelectPrev": "选择上一个元素",
    "KeyBinding-Stage": "暂存当前文件",
    "KeyBinding-StageAll": "暂存所有文件",
    "KeyBinding-ToggleFuzzyFinder": "切换模糊查找器",
    "KeyBinding-Unstage": "取消暂存当前文件",
    "KeyBinding-UnstageAll": "取消暂存所有文件",

    "Notification-AlreadyUpToDate": "已经是最新的",
    "Notification-AnnotatedSuccessfully": "批注成功",
    "Notification-BranchToBranch": "{0}进{1}",
    "Notification-RefToRemote": "{0}到{1}",
    "Notification-CloningToPath": "克隆到{0}",
    "Notification-CheckoutSuccessful": "检出成功",
    "Notification-CherrypickSuccessful": "摘取成功",
    "Notification-CreatedSuccessfully": "创建成功",
    "Notification-DeletedBranch": "删除{0}",
    "Notification-FeedbackSent": "反馈已发送",
    "Notification-SupportSent": "支持已发送",
    "Notification-Merged": "已合并",
    "Notification-MergedSuccessfully": "合并成功",
    "Notification-PulledSuccessfully": "拉取成功",
    "Notification-PushedSuccessfully": "推送成功",
    "Notification-RebaseSuccessful": "变基成功",
    "Notification-RenameSuccessful": "重命名成功",
    "Notification-RepoDeleteSuccessful": "存储库删除成功",
    "Notification-RevertSuccessful": "还原成功",
    "Notification-SubmoduleCreatedSuccessful": "子模块已创建",
    "Notification-SubmoduleDeletedSuccessful": "子模块已删除",
    "Notification-SSHKeyBeingUsed": "密钥已添加",
    "Notification-ManageSSHKeysButton": "管理{0}的SSH密钥",
    "NotificationMessage-AlreadyUpToDate": "不需要合并。分支{1}未移动。",
    "NotificationMessage-RefToRef": "{0}到{1}",
    "NotificationMessage-RepoDeleteSuccessful": "存储库{0}已删除成功!",
    "NotificationMessage-RevertWasNoop": "然而, 当前分支已经包含还原了的提交中的所有改动。",
    "NotificationMessage-CherrypickWasNoop": "然而, 当前分支已经包含摘取了的提交中的所有改动。",
    "NotificationMessage-SSHKeyBeingUsed": "GitKraken将使用此密钥连接到{0}。公钥已复制到您的剪贴板中, 请确保它已在您的{0}账户中注册。",

    "Trial-StartTrialModalTitle": "开始免费试用GitKraken专业版",
    "Trial-StartTrialModalContent": "开始{0}天GitKraken专业版免费试用，以访问专业版功能，例如合并冲突编辑器、多配置文件、GitHub企业版、GitLab自建主机、Bitbucket服务器和Azure开发运维。无需信用卡。",
    "Trial-StartTrialModalSubcontent": "了解更多关于GitKraken专业版功能的信息, 请访问",
    "Trial-StartTrialModalConfirmButton": "开始免费试用GitKrake专业版",
    "Trial-StartTrialModalNoThanksButton": "现在不, 谢谢。",
    "Trial-StartTrialModalHideTrialOfferCheckbox": "隐藏\"GitKraken专业版免费试用\"按钮",
    "Trial-TrialStartedModalContent": "您可以在{0}天内使用GitKraken专业版的功能。例如:",
    "Trial-TrialStartedModalFeature1": "为工作和私人使用切换多个配置文件",
    "Trial-TrialStartedModalFeature2": "内置强大的合并冲突编辑器",
    "Trial-TrialStartedModalFeature3": "GitHub企业版集成",
    "Trial-TrialStartedModalFeature4": "GitLab社区与企业版集成",
    "Trial-TrialStartedModalFeature5": "Bitbucket服务器集成",
    "Trial-TrialStartedModalFeature6": "Azure开发运维集成",
    "Trial-TrialStartedModalSubcontent": "您可以在试用期间随时升级到专业版并继续使用这些功能。",
    "Trial-TrialStartedModalTitle": "GitKraken专业版免费试用已经开始",
    "Trial-TrialEndedModalTitle": "GitKraken专业版免费试用已经结束",
    "Trial-TrialEndedModalSubcontent1": "升级到GitKraken专业版并获得专业功能和支持",
    "Trial-TrialEndedModalSubcontent2": "如果您正在将GitKraken用于商业用途, 则必须升级到专业版。为您的整个团队采购GitKraken可以大大降低价格。",
    "Trial-TrialEndedModalContinueUsingFree": "不, 我要继续使用免费版。",

    "Error": "错误",
    "Error-AddExternalSSHKeyToServiceFailed": "SSH密钥添加失败",
    "Error-AnnotateTagFailed": "标签批注失败",
    "Error-ApplyingStashError": "应用贮藏区错误",
    "Error-CreatingStashError": "创建贮藏区错误",
    "Error-BranchNameEmpty": "必须填写分支名称",
    "Error-BranchNameMayNotContainSpaces": "分支名称中不允许有空格",
    "Error-CheckoutFailed": "检出失败",
    "Error-CherrypickFailed": "摘取失败",
    "Error-ConflictDetected": "检测到冲突",
    "Error-AddSSHKeyToServiceFailed": "SSH密钥连接失败",
    "Error-CouldNotWriteToRepo": "该文件无法写入存储库",
    "Error-CreateRepoFailed": "存储库创建失败",
    "Error-CreateRefFailed": "引用创建失败",
    "Error-CreateRemoteRepoFailed": "存储库创建失败",
    "Error-DeleteFileFailed": "在该路径删除文件失败: {0}。",
    "Error-DeleteFailedWithName": "删除失败: {0}",
    "Error-DeleteFailedWithNamesTagForRemote": "删除失败: {1}的{0}",
    "Error-Diff3DoesNotExist": "找不到要执行操作的差异",
    "Error-Diff3UpdateFailed": "更新差异失败",
    "Error-DiscardSelectionFailed": "丢弃所选项失败",
    "Error-DisconnectOAuthServiceFailed": "服务断开失败",
    "Error-RemoveSSHKeyFromServiceFailed": "SSH密钥断开失败",
    "Error-FeedbackSendFailure": "发送反馈失败",
    "Error-FetchFailedWithName": "获取'{0}'失败",
    "Error-FetchAllPullRequestsFailed": "获取拉取请求失败",
    "Error-GenerateDiff3Failed": "生成冲突的差异失败",
    "Error-GenerateSSHKeyAndAddToServiceFailed": "SSH密钥创建失败",
    "Error-Generic": "发生错误",
    "Error-GitFlowFinishFeatureFailed": "完结功能“{0}”失败",
    "Error-GitFlowFinishHotfixFailed": "完结热修复“{0}”失败",
    "Error-GitFlowFinishReleaseFailed": "完成发布“{0}”失败",
    "Error-GitFlowStartFeatureFailed": "启始功能“{0}”失败",
    "Error-GitFlowStartHotfixFailed": "启始热修复“{0}”失败",
    "Error-GitFlowStartReleaseFailed": "启始发布“{0}”失败",
    "Error-GitHubNoMorePrivateRepos": "此GitHub帐户下无可用的私有存储库",
    "Error-GitLabMergeRequestsDisabled": "此存储库已禁用合并请求",
    "Error-InotifyLimitReached": "通知上限错误",
    "Error-KeyAlreadyExistsOnAccount": "此账户中已存在密钥",
    "Error-LoginRedirect": "尝试检索用户数据时遇到重定向 - 请将${0}添加到网络白名单中",
    "Error-MergeAbortFailed": "中止合并失败",
    "Error-MergeFailed": "合并失败",
    "Error-NeedUpgradedPermissions": "需要{0}权限",
    "Error-OpenDiffToolFailed": "打开差异工具失败",
    "Error-OpenMergeToolFailed": "打开合并工具失败",
    "Error-OpenRepoInTerminalFailed": "在终端中打开存储库失败",
    "Error-PersistMergeToDisk": "将合并保存到磁盘失败",
    "Error-PullFailed": "拉取失败",
    "Error-PushFailed": "推送失败",
    "Error-PushUpdateReferenceFailed": "推送到{0}失败: {1}",
    "Error-MissingAzureDevopsContributePermission": "缺少此远程的“贡献”权限",
    "Error-MissingAzureDevopsCreateBranchPermission": "缺少此远程的“创建分支”权限",
    "Error-MissingAzureDevopsForcePushPermission": "缺少此远程的“强制推送”权限",
    "Error-AzureDevops404GetRepository": "无法找到存储库{0}/{1}",
    "Error-AzureDevops404GetProjects": "无法找到项目",
    "Error-BitbucketServerUnauthorized": "Bitbucke服务器：{0}未接受个人访问令牌",
    "Error-BitbucketServerForbidden": "Bitbucket服务器：请求被拒绝，因为您或您的令牌权限不足",
    "Error-BitbucketServerUnknownErrorForResource": "Bitbucket服务器：收到{0}的{1}错误。来自服务器的响应: {2}",
    "Error-BitbucketServerGeneric": "Bitbucket服务器：{0}",
    "Error-RemoteRefusedToDelete": "推送到{0}失败: 无法删除远程分支",
    "Error-PullRequestFailed": "拉取请求创建失败",
    "Error-PushFailedWithName": "推送失败: {0}",
    "Error-RebaseFailed": "变基失败",
    "Error-RebaseAutoUnstashFailed": "弹出自动贮藏区失败",
    "Error-RebaseFailedFromFileLock": "无法修改文件。可能是由于文件权限限制或正在被其他进程占用。解锁文件, 中止变基, 然后重试。",
    "Error-RebaseAbortFailed": "中止变基失败",
    "Error-RebaseAbortFailedFromFileLock": "变基无法中止。可能是由于文件权限限制或正在被其他进程占用。",
    "Error-RenameFailed": "重命名失败",
    "Error-RenameNeedsLocalBranch": "必须检出一个本地分支!",
    "Error-RemoveFailed": "文件删除失败",
    "Error-ResetFailed": "重置失败",
    "Error-RepoAlreadyExists": "存储库已存在",
    "Error-RepoAlreadyExistsOnAccount": "存储库已存在于该账户",
    "Error-RepoDeleteFailed": "存储库删除失败",
    "Error-RevertFailed": "还原失败",
    "Error-SendFeedbackFailure": "无法发送反馈！请稍后再试。",
    "Error-StageFilemodeFailed": "暂存文件模式失败",
    "Error-StagePathsFailed": "暂存路径失败",
    "Error-StageSelectionFailed": "暂存所选路径失败",
    "Error-UnableToMergeInApp": "文件需要外部合并工具来解决",
    "Error-UnstageFilemodeFailed": "取消暂存文件模式改动失败",
    "Error-UnstagePathsFailed": "取消暂存路径失败",
    "Error-UnstageSelectionFailed": "取消暂存所选项失败",
    "Error-UpdateContentFailed": "更新文件内容失败",
    "Error-UpdateDiffFailed": "更新差异失败",
    "Error-UpdateHunkFailed": "更新区块失败",
    "Error-UnkownFetchErrorForResource": "尝试获取{0}时出现未知错误",
    "ErrorFallback-ConfirmationMessage": "您的错误报告已提交。谢谢！",
    "ErrorFallback-Message": "GitKraken遇到了一个致命错误。如果您启用了错误报告，则会报告此问题。如果没有，请考虑发送报告。",
    "ErrorFallback-ReportError": "报告错误",
    "ErrorFallback-RestartLabel": "重新启动",
    "ErrorFallback-QuitLabel": "退出",
    "ErrorMessage-BranchNameConflictsWithDirectory": "无法创建引用\"{0}\"，因为它的名称与现有的引用冲突",
    "ErrorMessage-CannotApplyStashWhenFilesAreStaged": "有任何暂存时都不能应用贮藏。请先贮藏、提交或取消暂存。",
    "ErrorMessage-CannotDeleteCheckedOutBranch": "无法删除当前检出了的分支。请先切换分支。",
    "ErrorMessage-1ConflictPreventsCheckout": "1个冲突阻止了检出。\n请先提交, 贮藏或丢弃改动。",
    "ErrorMessage-NConflictsPreventCheckout": "{0}个冲突阻止了检出。\n请先提交, 贮藏或丢弃改动。",
    "ErrorMessage-ConflictsPreventStashApplication": "{0}个冲突阻止了应用贮藏区。",
    "ErrorMessage-DiscardSelectionFailedWithReason": "无法丢弃{0}的选中项, 原因如下: {1}",
    "ErrorMessage-InotifyLimitReached": "此存储库禁用了文件监视。请增加您的通知限制并重新打开此存储库。",
    "ErrorMessage-InvalidSshKey": "配置的SSH密钥无效。请确认它是否与您的Git服务匹配。",
    "ErrorMessage-SshKeyNotFound": "未找到SSH密钥。请在“首选项->认证”中配置一个。",
    "ErrorMessage-SshKeyNotSupported": "配置的SSH密钥的格式无效。请确保您的密钥有效并且是RSA类型密钥。",
    "ErrorMessage-MergeConflicts": "有合并冲突需要解决",
    "ErrorMessage-CannotOpenFileCompareToolForMultiSelectedFiles": "当前在提交面板中已选中多个文件",
    "ErrorMessage-CannotOpenFileCompareToolWithoutActiveFile": "没有任何在提交面板已选中或合并解决方案面板中打开的文件",
    "ErrorMessage-CannotOpenFileCompareToolForMergedDiffs": "当前在关系图中已选中两个以上的提交",
    "ErrorMessage-DiffToolNotFound": "未找到配置的差异工具",
    "ErrorMessage-MergeToolNotFound": "未找到配置的合并工具",
    "ErrorMessage-FailedToLaunchDiffTool": "未找到在git config中设置的差异工具\"{0}\"。",
    "ErrorMessage-FailedToLaunchMergeTool": "未找到在git config中设置的合并工具\"{0}\"。",
    "ErrorMessage-NeedUpgradedPermissions": "GitKraken与{0}有更好的集成, 需要更多的权限才能继续。",
    "ErrorMessage-NeedUpgradedPermissionsButton": "提升权限",
    "ErrorMessage-NoAncestorAvailableToWriteToDisk": "无法将无上级或未解决的冲突保存到磁盘",
    "ErrorMessage-NoDiffToolSet": "在您的设置中没有配置差异工具",
    "ErrorMessage-NoMergeToolSet": "在您的设置中没有配置合并工具",
    "ErrorMessage-PullRequestRemoteNotFoundWithNameAndHostingService": "无法获取{1}上的'{0}'拉取请求。请仔细检查您的远程URL，并确保您有权限访问该存储库。",
    "ErrorMessage-PushRefToRefFailed": "将{0}推送到{1}失败",
    "ErrorMessage-RebaseConflicts": "有变基冲突需要解决",
    "ErrorMessage-RemoteAccessDenied": "访问被拒绝。请确保您有权限在远程执行该操作, 然后重试。",
    "ErrorMessage-RemoteAccessDeniedOrgWarning": "如果{0}是{1}上的组织, 你可能可能需要为GitKraken**请求或授予访问权限**。",
    "ErrorMessage-RemoteNotFoundWithName": "无法连接到'{0}'。请仔细检查您的远程URL，并确保您有权限在远程执行该操作，然后重试。",
    "ErrorMessage-RemoteRefBehindRemote": "您的远程分支已过期。请在推送前拉取{0}。",
    "ErrorMessage-RenameRefToRefFailed": "无法将{0}重命名为'{1}'",
    "ErrorMessage-RenameTargetAlreadyExists": "'{0}'已经存在!",
    "ErrorMessage-RepoDeleteFailed": "无法删除存储库{0}!",
    "ErrorMessage-ResetFailedWithReason": "无法重置, 原因如下: {0}",
    "ErrorMessage-WindowsShPathNotFound": "这个存储库有Git钩子。在Windows上使用Git钩子需要sh.exe, 但GitKraken找不到它。",
    "ErrorMessage-StageFilemodeFailedWithReason": "无法暂存{0}的文件模式, 原因如下: {1}",
    "ErrorMessage-StagePathsFailedWithReason": "无法暂存路径, 原因如下: {0}",
    "ErrorMessage-StageSelectionFailedWithReason": "无法暂存{0}的选择项, 原因如下: {1}",
    "ErrorMessage-TerminalCommandNotConfigured": "设置中没有配置终端。是否立即配置终端?",
    "ErrorMessage-UnableToMergeInApp": "文件冲突同时包含文本和二进制部分。使用外部工具来处理此合并。",
    "ErrorMessage-UnrecognizedAllowedTypes": "无法识别此格式: {0}",
    "ErrorMessage-UnstageFilemodeFailedWithReason": "无法取消暂存{0}的文件模式, 原因如下: {1}",
    "ErrorMessage-UnstagePathsFailedWithReason": "无法取消暂存路径, 原因如下: {0}",
    "ErrorMessage-UnstageSelectionFailedWithReason": "无法取消暂存{0}的选定项, 原因如下: {1}",
    "ErrorMessage-UpdateDiffFailedWithReason": "无法更新差异, 原因如下: {0}",
    "ErrorMessage-UpdateHunkFailedWithReason": "无法更新{0}的区块, 原因如下: {1}",
    "ErrorMessage-UpstreamNotInFetchData": "{1}上不存在{0}",

    "Plugin-FullviewLoadFailed": "插件打开失败",

    "FileSavePrompt-Detail": "任何未保存的改动都将被丢弃。",
    "FileSavePrompt-Message": "是否保存对{0}所做的改动?",

    "CheckoutError-CloseDetailPanel": "如果要检出, 请保存改动并重试。",
    "MergeError-CloseDetailPanel": "如果要合并, 请保存改动并重试。",
    "RebaseError-CloseDetailPanel": "如果要变基, 请保存改动并重试。",
    "RebaseAbortError-CloseDetailPanel": "要中止变基, 请保存更改并重试。",
    "RebaseContinueError-CloseDetailPanel": "要继续变基, 请保存改动并重试。",
    "CloseRepoError-CloseDetailPanel": "要关闭存储库, 请保存改动并重试。",
    "OpenRepoError-CloseDetailPanel": "要打开另一个存储库, 请保存改动并重试。",
    "DropStashError-CloseDetailPanel": "要删除贮藏区, 请保存改动并重试。",
    "CreateStashError-CloseDetailPanel": "如果要贮藏, 请保存改动并重试。",
    "ApplyStashError-CloseDetailPanel": "要应用贮藏区，请保存您改动并重试。",
    "TryUndoError-CloseDetailPanel": "如果要重做, 请保存改动并重试。",
    "TryRedoError-CloseDetailPanel": "如果要撤销, 请保存改动并重试。",
    "Error-CloseDetailPanel": "请保存您的改动, 然后重试。",

    "Editor-OverwriteContentsOnDiskQuestion": "文件已在GitKraken之外修改。是否覆盖该文件?",
    "Editor-OverwriteContentsOnDiskOrDiscardQuestion": "文件已在GitKraken之外修改。要放弃改动, 还是覆盖文件?",
    "Editor-OverwriteContentsOnDisk": "保存并覆盖",
    "Editor-DiscardChanges": "丢弃这些改动",

    "SaveAndStageEditorChanges-Message": "您是否要在暂存之前保存改动, 或者只暂存已保存到磁盘的部分?",
    "SaveAndStageEditorChanges-SaveAndStage": "保存并暂存",
    "SaveAndStageEditorChanges-StageSavedChangesOnly": "仅暂存已保存的改动"
  }
}
