{
  "languageOption": {
    "label": "中文(繁體)",
    "value": "zh-tw"
  },
  "menuStrings": {
    "ProductName": "<%= productName %>",
    "AboutProduct": "關於<%= productName %>",
    "VersionNumber": "版本<%= version %>(<%= bitness %>位)",
    "ViewReleaseNotes": "查看發行說明",

    "CheckingForUpdates": "正在檢查更新...",
    "RestartAndInstallUpdate": "重啓並安裝更新",
    "CheckForUpdateWithLastCheckedTime": "檢查更新<%= updateLastCheckedTime %>",
    "UpdateAvailableWithVersion": "可用更新(<%= updateAvailableVersion %>)",
    "UpdateAvailableDownloadDeb": "下載.deb文件",
    "UpdateAvailableDownloadRpm": "下載.rpm文件",
    "UpdateAvailableDownloadTargz": "下載.tar.gz文件",
    "UpdateDownloadedShowFile": "更新已下載(顯示文件)",
    "UpdateErroredAtTime": "更新錯誤<%= updateErrorTime %>",
    "DownloadingUpdate": "正在下載更新...",
    "DownloadUpdate": "下載更新",

    "Preferences": "首選項...",
    "&Preferences": "首選項(&P)...",
    "Services": "服務",
    "Hide": "隱藏GitKraken",
    "HideOthers": "隱藏其他",
    "ShowAll": "顯示全部",
    "Quit": "退出GitKraken",
    "E&xit": "退出(&X)",

    "File": "文件",
    "&File": "文件(&F)",
    "CloneRepo": "克隆存儲庫",
    "Clo&neRepo": "克隆存儲庫(&N)",
    "InitRepo": "初始化存儲庫",
    "&InitRepo": "初始化存儲庫(&I)",
    "OpenRepo": "打開存儲庫",
    "&OpenRepo": "打開存儲庫(&O)",
    "Open&Terminal": "打開終端(&T)",
    "OpenTerminal": "打開終端",
    "OpenInFileManager": "在文件管理器中打開",

    "Edit": "編輯",
    "&Edit": "編輯(&E)",
    "Undo": "撤消",
    "&Undo": "撤消(&U)",
    "Redo": "重做",
    "&Redo": "重做(&R)",
    "Cut": "剪切",
    "&Cut": "剪切(&C)",
    "Copy": "複製",
    "C&opy": "複製(&O)",
    "Paste": "粘貼",
    "&Paste": "粘貼(&P)",
    "SelectAll": "全選",
    "Select&All": "全選(&A)",

    "View": "查看",
    "&View": "查看(&V)",
    "Reload": "重新加載",
    "&Reload": "重新加載(&R)",
    "ToggleFullScreen": "切換全屏",
    "Toggle&FullScreen": "切換全屏(&F)",
    "Developer": "開發者",
    "RunTests": "運行測試...",
    "RunSystemTests": "運行系統測試...",
    "RunTestsWithCoverage": "使用覆蓋率運行測試...",
    "ToggleDeveloperTools": "切換開發者工具",
    "ToggleDeveloper&Tools": "切換開發者工具(&T)",
    "ToggleProStatus": "切換專業版狀態",
    "ToggleReactPerfRecording": "啓動/停止響應性能記錄",

    "Window": "窗口",
    "Minimize": "最小化",
    "Zoom": "縮放",

    "Help": "幫助",
    "&Help": "幫助(&H)",
    "ViewSupportDocs": "查看支持文檔",
    "ViewErrorLogs": "查看錯誤日誌",
    "SendUsFeedback": "向我們發送反饋",
    "GetSupport": "獲取支持",
    "KeyboardShortcuts": "鍵盤快捷鍵",
    "OpenFuzzyFinder": "打開模糊查找器",
    "FollowUsOnTwitter": "在推特上關注我們"
  },
  "strings": {
    "About-BuiltBy": "GitKraken由Axosoft在陽光明媚的亞利桑那州斯科茨代爾建造",
    "About-OpenSource": "它使用了一些優秀的開源項目:",
    "About-Libgit2License": "GitKraken在GNU公共許可證下通過NodeGit使用libgit2庫, 並帶有鏈接異常",
    "About-TermsOfService": "服務條款",
    "About-OpenSourceLicenses": "依賴開源許可證",
    "About-AllRightsReserved": "保留所有權利",

    "Bytes": "字節",

    "By": "{0}由",

    "QuitGitKraken": "退出GitKraken",

    "Repo-Delete": "刪除存儲庫",
    "Repo-ClearFromRecentRepositories": "清除最近的存儲庫中的{0}",
    "Repo-Close": "關閉存儲庫",
    "Repo-Open": "打開存儲庫",
    "Repo-OpenInFileManager": "在文件管理器中打開",
    "Repo-OpenInTerminal": "在終端中打開",

    "Registration-ChangeEmail": "使用其他賬戶登錄",
    "Registration-CheckStatus": "檢查狀態",
    "Registration-CommercialUse": "GitKraken許可證",
    "Registration-CommercialUseText": "GitKraken對於非商業用途可免費。對於商業用途, 必需使用GitKraken 專業版。",
    "Registration-PrivateRepoDetected": "這似乎是一個私人存儲庫",
    "Registration-CreateAccount": "爲GitKraken創建一個賬戶",
    "Registration-CreateAccountRetry": "重試創建賬戶",
    "Registration-CreatingAccount": "創建賬戶...",
    "Registration-DontWantAccount": "現在不要創建賬戶",
    "Registration-EmailDefault": "(默認爲git config user.email)",
    "Registration-EmailAddress": "郵件地址",
    "Registration-EnterEmailAddress": "請輸入郵件地址",
    "Registration-EnterName": "請輸入名稱",
    "Registration-EnterpriseLoginFailedDueToNoLicense": "您的賬戶尚未激活爲GitKraken企業版許可證",
    "Registration-ForgotPassword": "我忘記了密碼",
    "Registration-GoBackToEnterpriseConfiguration": "更改企業服務器的URL",
    "Registration-GoingUnregistered": "在創建或登錄賬戶前, 您可以使用GitKraken{0}天。",
    "Registration-LdapUsername": "用戶名",
    "Registration-Name": "名字",
    "Registration-NameAndEmailDefault": "(默認爲git config中的user.email和user.name)",
    "Registration-ServerConnectionError": "無法連接到服務器。",
    "Registration-SignInWithGitHub": "使用GitHub登錄",
    "Registration-SuccessfullyRegistered": "您的電子郵件地址已經通過驗證！",
    "Registration-HaveNotRegistered": "您尚未通過電子郵件地址驗證",
    "Registration-iHaveReadAndAgreeToThe": "我已閱讀並同意",
    "Registration-iAgree": "我同意",
    "Registration-Password": "密碼",
    "Registration-ConfirmPassword": "確認密碼",
    "Registration-Register": "註冊",
    "Registration-ResendEmail": "重發郵件",
    "Registration-ResendingEmail": "發送...",
    "Registration-ShowMoreOptions": "顯示更多選項",
    "Registration-Success": "已將郵件發送到{0}。要繼續使用GitKraken, 您需要在{1}天內驗證您的郵件地址。",
    "Registration-Failed": "無法連接到服務器",
    "Registration-FailedExtra": "請稍後再試。",
    "Registration-FailedExtraDaysLeft": "請在{0}天內重試, 以便繼續使用GitKraken。",
    "Registration-EULA": "最終用戶許可協議",
    "Registration-EULAAbbreviated": "EULA",
    "Registration-EULAUpdateTitle": "最終用戶許可協議更新",
    "Registration-EULAFirstTimeMessage": "即將完成！我們只需要確保您同意我們的EULA。",
    "Registration-EULAUpdateMessage": "最終用戶許可協議已更新。您必須同意新版本才能繼續使用GitKraken。",
    "Registration-EULALoadFailed": "EULA加載失敗",
    "Registration-PasswordIsGood": "這是一個很好的密碼!",
    "Registration-PasswordStrength0": "很弱",
    "Registration-PasswordStrength1": "弱",
    "Registration-PasswordStrength2": "中等",
    "Registration-PasswordStrength3": "強",
    "Registration-PasswordStrength4": "非常強",
    "Registration-PasswordStrengthPrefix": "密碼強度:",
    "Registration-PasswordTooShort": "密碼長度必須至少爲{0}個字符。",
    "Registration-ProLicenseExpiredTitle": "許可證已過期",
    "Registration-ProLicenseExpiredBody1": "您的GitKraken許可證已經過期。請更新您的訂閱，以便繼續將GitKraken用於商業用途。",
    "Registration-ProLicenseExpiredBody2-1": "您正在使用非商業用途的GitKraken免費版。合併衝突編輯器、配置文件、GitHub企業版、GitLab自建主機，Bitbucket服務器和Azure開發運維集成等專業功能已被禁用。",
    "Registration-ProLicenseExpiredBody2-2": "您可以隨時從主菜單或訪問{0}續訂。",
    "Registration-ProLicenseExpiredCancel": "切換到非商業用途",
    "Registration-ProLicenseExpiredGoToShop": "續訂",
    "Registration-UseGitKraken": "使用GitKraken",
    "Registration-ValidateConfirmPassword": "密碼不匹配。",
    "Registration-ValidateField": "此字段是必需的。",
    "Registration-ValidateEmail": "請輸入正確的郵件地址。",
    "Registration-ValidateEULA": "您必須同意最終用戶許可協議。",
    "Registration-VerifyEmailTitle": "請驗證您的郵件地址",
    "Registration-VerifyEmailBody": "我們還沒有收到{0}的驗證信息。繼續使用GitKraken請通過發到該地址的郵件中的鏈接完成身份驗證。",
    "Registration-CantFindEmail": "沒找到郵件?",
    "Registration-IncorrectEmail": "賬戶不正確?",
    "Registration-XDaysToActivate": "{0}天激活",
    "Registration-1DayToActivate": "1天激活",
    "Registration-Login": "登錄",
    "Registration-LoggingIn": "正在登錄...",
    "Registration-CreateAccountTitle": "創建賬戶",
    "Registration-LoginTitle": "歡迎來到GitKraken",
    "Registration-SignInWithExistingGKAccount": "或使用現有的GitKraken賬戶登錄",
    "Registration-GoToCreate": "創建",
    "Registration-GoToLoginLeadin": "已經有賬戶了?",
    "Registration-GoToLogin": "登錄",

    "EnterpriseConfiguration-Title": "配置GitKraken企業版",
    "EnterpriseConfiguration-EnterHostname": "請粘貼GitKraken下載頁上提供的URL:",
    "EnterpriseConfiguration-CouldNotConnect": "無法連接到服務器。",
    "EnterpriseConfiguration-CouldNotParseURL": "無法解析給定的URL。",

    "EnterpriseExpirationWarning-NDays": "許可證在{0}天內過期",
    "EnterpriseExpirationWarning-Tomorrow": "許可證有效期1天!",
    "EnterpriseExpirationWarning-Today": "許可證今天到期！",

    "Standalone-LicenseConfigurationTitle": "企業許可證",
    "Standalone-LicenseInfoForActive": "{1}用戶的{0}許可",
    "Standalone-LicenseInfoForActiveExpiresSoon": "{1}用戶的{0}許可。{2}天后過期",
    "Standalone-LicenseInfoExpiresTomorrow": "{1}用戶的{0}許可。{2}天后過期",
    "Standalone-LicenseInfoExpiresToday": "{1}用戶的{0}許可。今天過期",
    "Standalone-LicenseInfoExpired": "{1}用戶的{0}許可。已過期",
    "Standalone-Unlicensed": "未經授權",
    "Standalone-LicensedTo": "授權於",
    "Standalone-NumberOfUsers": "用戶數量",
    "Standalone-Expires": "過期",
    "Standalone-DateExpired": "{0}已過期",
    "Standalone-GitKrakenIsUnlicensed": "這份GitKraken副本是未經授權的。",
    "Standalone-SavedLicenseIsInvalid": "磁盤上的許可證無效。",
    "Standalone-AddAValidLicense": "添加有效的許可證文件以繼續。",
    "Standalone-AddALicense": "添加許可證文件以繼續。",
    "Standalone-UpdateLicense": "更新許可證",
    "Standalone-AddLicense": "添加許可證",
    "Standalone-UpdatedLicenseWasExpired": "您選擇的許可證文件已過期。",
    "Standalone-UpdatedLicenseFailedToUpdate": "當我們嘗試使用所選的許可證時出錯了。",
    "Standalone-UpdatedLicenseWasInvalid": "您選擇的許可證文件無效。",
    "Standalone-UpdatedLicenseWasNotFound": "找不到您選擇的許可證文件。",
    "Standalone-BrowserForLicense": "瀏覽GitKraken許可證",
    "Standalone-BadSelectedLicense": "許可證更新失敗",
    "Standalone-LicenseSuccessfullyUpdated": "許可證已成功更新",

    "Apply": "應用",
    "Author": "作者",
    "Branch": "分支",
    "Close": "關閉",
    "Commit": "提交",
    "Create": "創建",
    "AuthoredLabel": "創作於",
    "CoauthorsLabel": "共同作者:",
    "CommitLabel": "提交:",
    "ParentLabel": "父:",
    "CheckingOutBranch": "正在檢出分支",
    "ConnectingWithEllipsis": "正在連接...",
    "DateAuthored": "作者日期",
    "DiscardAllChanges": "丟棄所有改動",
    "Filter": "篩選器",
    "GeneratingWithEllipsis": "正在生成...",
    "LoadingDiffWithEllipsis": "正在加載差異...",
    "LoadingWithEllipsis": "載入中...",
    "Local": "本地",
    "Optional": "(可選)",
    "Parent": "父",
    "Parents": "父",
    "Pop": "彈出",
    "ParentRepo": "父存儲庫",
    "Pull": "拉取",
    "Push": "推送",
    "Redo": "重做",
    "Repo": "存儲庫",
    "Save": "保存",
    "DontSave": "不保存",
    "ShowAll": "顯示全部",
    "SoloBranch": "將此分支設置爲獨奏模式",
    "UnsoloAll": "退出獨奏模式",
    "SuccessWithBang": "成功!",
    "Stage": "暫存",
    "Staged": "已暫存",
    "Stash": "貯藏",
    "Tag": "標籤",
    "Undo": "撤消",
    "Uninitialized": "未初始化",
    "Unstage": "取消暫存",
    "Unstaged": "未暫存",
    "UpstreamBranch": "上游分支",
    "ViewAllRepositories": "查看所有存儲庫",
    "ViewReleaseNotes": "查看發行說明",
    "WorkInProgressAbbr": "WIP",
    "WorkInProgressOnBranchAbbr": "WIP於{0}",
    "Zoom": "縮放",

    "Pro": "專業版",
    "Free": "免費版",
    "Enterprise": "企業版",
    "Standalone": "企業版",

    "Stash-ApplyWithUncommittedChangesPrompt": "您有未提交的改動。確定要應用貯藏區並覆蓋改動嗎?",

    "StashMessage-Amend": "在修改\"{0}\"之前自動貯藏",
    "StashMessage-Checkout": "在檢出\"{0}\"之前自動貯藏",
    "StashMessage-CherryPick": "在摘取\"{0}\"之前自動貯藏",
    "StashMessage-Merge": "在合併\"{0}\"和\"{1}\"之前自動貯藏",
    "StashMessage-Rebase": "在變基\"{0}\"之前自動貯藏",
    "StashMessage-Revert": "在還原\"{0}\"之前自動貯藏",

    "Ignore": "忽略",
    "IgnoreFile": "忽略'{0}'",
    "IgnoreNFiles": "忽略{0}個文件",

    "AllFilesWithSameExtension": "所有擴展名爲'{0}'的文件",
    "AllFilesInFolder": "'{0}/'下的所有文件",
    "IgnoreAllFilesInFolder": "忽略'{0}/'下的所有文件",

    "File-AlreadyExists": "文件'{0}'已存在",
    "File-Blame": "文件追責",
    "File-CanOnlyEditText": "只能編輯文本文件",
    "File-CouldNotOpenInEditor": "無法在編輯器中打開文件",
    "File-CouldNotCreate": "無法創建文件",
    "File-CouldNotCreateOutOfRepo": "無法在存儲庫之外創建文件!",
    "File-CouldNotDelete": "無法刪除文件",
    "File-Create": "創建文件",
    "File-Created": "已創建'{0}'",
    "File-Delete": "刪除文件",
    "File-DeleteInWorkDir": "刪除工作目錄文件",
    "File-Deleted": "已刪除'{0}'",
    "File-DoesNotExist": "文件不存在",
    "File-ConfirmDeletePath": "您確定要刪除'{0}'嗎?",
    "File-Open": "打開文件",
    "File-Edit": "編輯文件",
    "File-OpenInDefaultProgram": "在默認程序中打開文件",
    "File-OpenWithName": "打開{0}",
    "File-Reset": "丟棄改動",
    "File-ShowFolderContents": "在文件夾中打開",
    "File-ShowFolderContentsMac": "在Finder中打開",
    "File-ShowInFolder": "在文件夾中顯示",
    "File-ShowInFolderMac": "在Finder中顯示",
    "File-ShowInFolderMacWithName": "在Finder中顯示{0}",
    "File-ShowInFolderWithName": "在文件夾中顯示{0}",
    "File-StatusAdded": "已添加",
    "File-StatusDeleted": "已刪除",
    "File-StatusRenamed": "已重名",
    "File-StatusRenamedFrom": "從",
    "File-StatusRenamedTo": "到",
    "File-UnstageAndRemove": "取消暫存並刪除文件",

    "Folder-NewFile": "在此文件夾中創建文件",
    "Folder-MarkConflictedFilesAsResolved": "標記所有爲已解決的",
    "Folder-Open": "打開文件夾",
    "Folder-ResetAll": "重置文件夾",
    "Folder-StageAll": "暫存文件夾",
    "Folder-UnstageAll": "取消暫存文件夾",
    "Folder-DiscardAllChanges": "丟棄文件夾中的所有改動",

    "FileHistory": "文件歷史記錄",
    "FileHistory-AuthorInfo": "由{0}在{1}上創作",
    "FileHistory-CannotLinkToGraph": "此提交在關係圖上不可見",
    "FileHistory-CommitShaCopied": "提交SHA複製!",
    "FileHistory-DiffView": "差異視圖",
    "FileHistory-End": "歷史結尾",
    "FileHistory-FileView": "文件視圖",
    "FileHistory-LinkToGraph": "在關係圖中查看{0}",
    "FileHistory-BlameButtonLabel": "追責",
    "FileHistory-ShowBlame": "顯示追責細節",
    "FileHistory-UnknownAuthorName": "未知",

    "FuzzyFinder-DefaultPlaceHolder": "搜索命令和操作(例如打開存儲庫)",
    "FuzzyFinder-BlamePlaceholder": "搜索文件以查看誰做了什麼(即其追責)",
    "FuzzyFinder-CheckoutPlaceholder": "搜索要檢出的分支",
    "FuzzyFinder-CreateBranch": "創建分支",
    "FuzzyFinder-CreateFilePlaceholder": "輸入新文件名",
    "FuzzyFinder-CreateTag": "創建標籤",
    "FuzzyFinder-DeleteFilePlaceholder": "搜索要刪除的文件",
    "FuzzyFinder-EditFilePlaceholder": "搜索要編輯的文件",
    "FuzzyFinder-DevPlaceholder": "訂購Chipotle",
    "FuzzyFinder-HistoryPlaceholder": "搜索文件以查看其歷史/追責",
    "FuzzyFinder-OpenFilePlaceholder": "搜索要打開的文件",
    "FuzzyFinder-OpenRepoPlaceholder": "搜索要打開的存儲庫",
    "FuzzyFinder-RenameBranch": "重命名分支",
    "FuzzyFinder-SearchCommitsPlaceholder": "使用消息, ID, 作者搜索提交",
    "FuzzyFinder-SwitchProfilePlaceholder": "搜索要切換到的配置文件",
    "FuzzyFinder-ViewFilePlaceholder": "搜索要查看的文件",

    "FuzzyFinder-BlameFilePrefix": "追責",
    "FuzzyFinder-CheckoutRefPrefix": "檢出",
    "FuzzyFinder-ConfigureGitFlow": "配置Git工作流",
    "FuzzyFinder-ConfigureLfs": "配置LFS",
    "FuzzyFinder-CreateFileKeywords": "創建新文件",
    "FuzzyFinder-CreateFilePrefix": "創建文件",
    "FuzzyFinder-DeleteFilePrefix": "刪除文件",
    "FuzzyFinder-EditFilePrefix": "編輯文件",
    "FuzzyFinder-StartPullRequest": "開始拉取請求",
    "FuzzyFinder-StartPullRequestKeywords": "新創建拉取請求",
    "FuzzyFinder-DevPrefix": "開發",
    "FuzzyFinder-DiscardAllKeywords": "全部重置",
    "FuzzyFinder-FileHistoryPrefix": "歷史",
    "FuzzyFinder-GitFlowPrefix": "Git工作流:",
    "FuzzyFinder-InitRepoKeywords": "初始化",
    "FuzzyFinder-JoinTheLightOrDarkSide": "加入{0}側",
    "FuzzyFinder-JoinTheLightSlashDarkSide": "加入暗/亮側",
    "FuzzyFinder-OpenGitFlowPanel": "Git工作流",
    "FuzzyFinder-OpenFile": "打開文件",
    "FuzzyFinder-OpenFileInExternalCompareTool": "在外部差異/合併工具中打開",
    "FuzzyFinder-OpenRepoPrefix": "打開存儲庫",
    "FuzzyFinder-OpenInFileManagerKeywords": "文件夾資源管理器查找程序",
    "FuzzyFinder-OpenInTerminalKeywords": "命令行控制檯",
    "FuzzyFinder-RefPrefix": "分支:",
    "FuzzyFinder-RepoPrefix": "存儲庫管理:",
    "FuzzyFinder-SearchCommits": "搜索提交",
    "FuzzyFinder-Settings": "設置",
    "FuzzyFinder-SettingsKeywords": "偏好選項",
    "FuzzyFinder-StashPrefix": "貯藏區:",
    "FuzzyFinder-SwitchProfile": "切換到配置文件",
    "FuzzyFinder-ToggleSyntaxHighlighting": "切換語法高亮",
    "FuzzyFinder-ToggleTheme": "切換主題",
    "FuzzyFinder-ViewFile": "查看文件",
    "FuzzyFinder-ViewErrorLogs": "查看錯誤日誌",
    "FuzzyFinder-ViewWorkingDirectoryChanges": "查看工作目錄改動",
    "FuzzyFinder-ViewWorkingDirectoryChangesKeywords": "更改wip workdir工作",

    "GitHook-ExitCode": "退出代碼:{0}",
    "GitHook-OpenFailureLogModal": "查看鉤子輸出",
    "GitHook-HookFailed": "{0}失敗",
    "GitHook-OpenLogExternally": "在外部應用程序中打開",
    "GitHook-PermissionDenied": "{0}沒有執行權限!",
    "GitHook-PrePushDidNotRun": "預推送鉤子未運行",
    "GitHook-PrePushDidNotRunReason": "由於{1}, 無法執行{0}",
    "GitHook-Output": "輸出",
    "GitHook-NeedsCredentials": "Git鉤子需要身份驗證信息",

    "System-OperationCancelled": "操作被用戶取消",

    "LeftPanel-CheckedOut": "檢出",
    "LeftPanel-ClearFilter": "清除篩選器",
    "LeftPanel-Collapse": "摺疊面板",
    "LeftPanel-FilterCommits": "篩選器({0} + {1} + f)",
    "LeftPanel-Filtering": "篩選中",
    "LeftPanel-Expand": "展開面板",
    "LeftPanel-Hide": "在關係圖中隱藏",
    "LeftPanel-Show": "在關係圖中顯示",
    "LeftPanel-StopSoloing": "停止此分支的獨奏模式",

    "TextOperation-Cut": "剪切",
    "TextOperation-Copy": "複製",
    "TextOperation-CopyFileContentsToClipboard": "將文件內容複製到剪貼板",
    "TextOperation-CopySuccess": "已複製！",
    "TextOperation-Paste": "粘貼",
    "TextOperation-Delete": "刪除",
    "TextOperation-SelectAll": "全選",

    "ResizePanel": "調整面板大小",

    "FastForwardBranchToBranch": "快進分支{0}到分支{1}",
    "FileMayStillHaveConflicts": "此文件中可能仍然存在衝突",
    "MergedBranchToRef": "將分支'{0}'合併到{1}中",
    "MergedRemoteBranchToRef": "將遠程跟蹤分支'{0}'合併到{1}中",
    "MergedTagToRef": "將標籤'{0}'合併到{1}中",
    "MergedBranchToMaster": "合併分支'{0}'",
    "MergedRemoteBranchToMaster": "合併遠程跟蹤分支'{0}'",
    "MergedTagToMaster": "合併標籤'{0}'",
    "MergeConflictMessageSingular": "嘗試合併到{0}時發現1個文件衝突",
    "MergeConflictMessagePlural": "嘗試合併到{1}時發現{0}個文件衝突",
    "MergingIntoNamed": "合併到{0}",
    "ExternalDiffTool": "外部差異工具",
    "ExternalMergeTool": "外部合併工具",
    "OpenInDiffTool": "在差異工具中打開",
    "OpenInMergeTool": "在合併工具中打開",
    "OpenIn": "使用{0}打開",
    "MarkAllResolved": "全部標記爲已解決",
    "MarkNResolved": "標記{0}爲已解決",
    "MarkAsConflicted": "標記爲未解決",
    "MarkAsResolved": "標記爲已解決",
    "MarkNConflicted": "標記{0}爲未解決",
    "UnsupportedRebaseMessage": "此存儲庫正在另一個應用程序中運行變基",

    "ViewAuthenticationSettings": "查看設置",
    "ViewDiffToolSettings": "查看差異工具設置",
    "ViewMergeToolSettings": "查看合併工具設置",
    "ViewShPathSettings": "查看設置",
    "ViewTerminalSettings": "查看終端設置",

    "DiscardSelectedLines": "丟棄已選中的行的改動",
    "DiscardThisHunk": "丟棄區塊的改動",
    "DiscardThisLine": "丟棄此行的改動",
    "DiscardNChanges": "丟棄{0}個文件中的改動",
    "RefCreatedMessage": "{0}: {1}已創建在{2}",
    "StageAllChanges": "暫存所有改動",
    "StageNChanges": "暫存{0}個文件",
    "StageSelectedLines": "暫存已選中的行",
    "StageThisFile": "暫存文件",
    "StageThisChange": "暫存此改動",
    "StageThisHunk": "暫存區塊",
    "StageThisLine": "暫存此行",
    "UnstageAllChanges": "取消暫存的所有改動",
    "UnstageNChanges": "取消暫存{0}個文件",
    "UnstageSelectedLines": "取消暫存已選中的行",
    "UnstageThisFile": "取消暫存文件",
    "UnstageThisChange": "取消暫存這個改動",
    "UnstageThisHunk": "取消暫存區塊",
    "UnstageThisLine": "取消暫存此行",
    "StageFilemodeChange": "暫存文件模式改動",
    "UnstageFilemodeChange": "取消暫存文件模式改動",
    "WindowsFilemodeChangeWarning": "文件模式的索引可能已在GitKraken外部進行了改動。",
    "WindowsFilemodeChangeWarningConfigEnabled": "您在git配置中啓用了文件模式改動! 在Windows中, 工作目錄中的文件似乎有-x, 因此文件模式的改動顯示在此處。",
    "OKButtonLabel": "確定",
    "CancelButtonLabel": "取消",
    "YesButtonLabel": "是",
    "NoButtonLabel": "否",
    "NotNowButtonLabel": "現在不",
    "ExitButtonLabel": "退出",
    "ExitPreferencesButtonLabel": "退出首選項",
    "PreviousButtonLabel": "上一個",
    "NextButtonLabel": "下一個",
    "BrowseButtonLabel": "瀏覽",
    "SubmitButtonLabel": "提交",
    "SendMessageButtonLabel": "發送",
    "LogInButtonLabel": "登錄",
    "FinishSetupButtonLabel": "完成",
    "OpenNowButtonLabel": "立即打開",
    "InitializeButtonLabel": "初始化",
    "DeleteButtonLabel": "刪除",
    "DeleteAndCommitLabel": "刪除並提交",
    "DiscardUnstagedChangesButtonLabel": "丟棄未暫存的改動",
    "UnstageAndRemoveButtonLabel": "取消暫存並刪除",
    "ResetAllButtonLabel": "重置所有",
    "ResetFileButtonLabel": "重置文件",
    "ResetFilesButtonLabel": "重置文件",
    "SaveAncesor": "保存上級",
    "SaveFileButtonLabel": "保存文件",
    "ShowPricingButtonLabel": "顯示GitKraken專業版的價格",
    "NonCommercialButtonLabel": "我將GitKraken用於非商業用途",
    "CommitAndMergeButtonLabel": "合併後提交",
    "AbortCherrypickButtonLabel": "中止摘取",
    "AbortMergeButtonLabel": "中止合併",
    "StartRebaseButtonLabel": "開始變基",
    "ContinueRebaseButtonLabel": "繼續變基",
    "AbortRebaseButtonLabel": "中止變基",
    "CommitRevertLabel": "提交還原",
    "SkipCommitButtonLabel": "跳過提交",
    "CommitButtonLabelStageFiles": "請暫存要提交的文件/改動",
    "CommitButtonLabelAddMessage": "請輸入提交消息",
    "CommitButtonLabelPlural": "提交{0}個文件的改動",
    "CommitButtonLabelSingular": "提交1個文件的改動",
    "ForcePushButtonLabel": "強制推送",
    "ProvideFeedbackButtonLabel": "反饋",
    "LinuxUpdate-AvailableStatus": "可用的更新 ({0})",
    "LinuxUpdate-DownloadDebUpdateButtonLabel": ".deb",
    "LinuxUpdate-DownloadRpmUpdateButtonLabel": ".rpm",
    "LinuxUpdate-DownloadTarGzUpdateButtonLabel": ".tar.gz",
    "LinuxUpdate-Downloaded": "已完成下載 {0}",
    "LinuxUpdate-Downloading": "正在下載 {0}...",
    "LinuxUpdate-ShowDownloadedUpdateButtonLabel": "更新就緒(顯示文件)",
    "LinuxUpdate-SomethingWentWrong": "下載更新時出錯",
    "AutoUpdate-RestartGitKrakenAndInstallUpdateButtonLabel": "更新就緒(重新啓動GitKraken)",
    "AmendPreviousCommitButtonLabel": "修改最後一次提交",
    "AmendPreviousCommitMessageButtonLabel": "修改消息",
    "AmendPreviousCommitMessageTip": "單擊此處修改提交消息",
    "CancelAmendPreviousCommitMessageButtonLabel": "停止修改",
    "RefreshTokenLabel": "刷新令牌",
    "OptIntoAnalyticsButtonLabel": "將分析數據發送到GitKraken",
    "OptIntoAnalyticsCancelButtonLabel": "不發送數據",
    "RetryWithoutOAuthLabel": "無OAuth重試",
    "UpgradeToProButtonLabel": "升級到GitKraken專業版",
    "UseFreeButtonLabel": "繼續使用GitKraken免費版",
    "StartTrialButtonLabel": "GitKraken專業版免費試用",
    "TrialStatus": "GitKraken專業版的試用期剩餘{0} - 立即升級",
    "RemoveButtonLabel": "移除",

    "Option-None": "<無>",
    "Option-UseMergeTool": "<使用合併工具>",

    "GitFlowButtonTooltip": "Git工作流",
    "UndoValidButtonTooltip": "撤消{0}",
    "RedoValidButtonTooltip": "重做{0}",
    "UndoCannotButtonTooltip": "無法撤消",
    "RedoCannotButtonTooltip": "無法重做",
    "UndoInvalidButtonTooltip": "無法撤消{0}。目前只支持提交、檢出和某些丟棄操作。",
    "RedoInvalidButtonTooltip": "無可重做的撤消",
    "RefreshButtonTooltip": "刷新",
    "SetAsDefaultOptionTooltip": "設置爲默認值",
    "DefaultOptionTooltip": "默認",
    "PushButtonTooltip": "推送",
    "PullOptionsMessage": "選擇在單擊此按鈕時默認執行的拉取/推送操作",
    "PullOptions-FetchAll": "獲取所有",
    "PullOptions-Merge": "拉取(快進優先)",
    "PullOptions-FastForwardOnly": "拉取(僅快進)",
    "PullOptions-NoFastForward": "拉取(非快進)",
    "PullOptions-Rebase": "拉取(變基)",
    "BranchButtonTooltip": "分支",
    "StashButtonTooltip": "貯藏",
    "ApplyStashButtonTooltip": "應用貯藏區",
    "PopStashButtonTooltip": "彈出貯藏區",
    "OrderChipotleButtonTooltip": "星期四吃葡萄",
    "SearchCommitsTooltip": "搜索提交({0} + f)",

    "Rebasing-CommitLabel": "從{1}重新變基提交{0}",
    "Rebasing-AutoStashLabel": "自動貯藏未提交的改動",
    "Rebasing-PoppingAutoStashLabel": "彈出自動貯藏的改動",

    "ReflogAction": "使用reflog消息\"{0}\"的操作",
    "ReflogActionCommit": "提交\"{0}\"",
    "ReflogActionCommitAmend": "提交修訂\"{0}\"",
    "ReflogActionCheckout": "從\"{0}\"檢出到\"{1}\"",
    "ReflogActionReset": "重置爲\"{0}\"",
    "ReflogActionSaveOne": "丟棄\"{0}\"",
    "ReflogActionSaveMany": "丟棄\"{0}\"和其他{1}個文件",
    "ReflogActionSaveUnknown": "丟棄",
    "ReflogActionDeleteBranchTracking": "刪除分支\"{0}\"跟蹤\"{1}\"",
    "ReflogActionDeleteBranch": "刪除分支\"{0}\"",
    "ReflogActionRemoveRemote": "刪除遠程\"{0}\"",

    "ContextMenu-AmendCommitMessage": "編輯提交消息",
    "ContextMenu-AnnotateTag": "批註{0}",
    "ContextMenu-CheckoutBranch": "檢出{0}",
    "ContextMenu-CherrypickCommit": "摘取提交",
    "ContextMenu-CopyBranchName": "將分支名稱複製到剪貼板",
    "ContextMenu-CopyCommitId": "將提交ID複製到剪貼板",
    "ContextMenu-CopyFilePath": "將文件路徑複製到剪貼板",
    "ContextMenu-CopyTagName": "將標籤名稱複製到剪貼板",
    "ContextMenu-CreateBranchHere": "在此處創建分支",
    "ContextMenu-CreateTagHere": "在此處創建標籤",
    "ContextMenu-DeleteLocalAndRemoteBranches": "刪除{0}和{1}",
    "ContextMenu-DeleteAll": "刪除所有\"{0}\"分支 (本地和遠程)",
    "ContextMenu-DeleteBranch": "刪除{0}",
    "ContextMenu-Delete1BranchInFolder": "刪除文件夾\"{0}\"中的1個分支",
    "ContextMenu-DeleteNBranchesInFolder": "在文件夾\"{1} \"中刪除{0}個分支",
    "ContextMenu-DeleteProjectGroup": "從列表中刪除",
    "ContextMenu-DeleteTagXLocally": "從本地刪除{0}",
    "ContextMenu-DeleteTagFromRemote": "從遠程刪除標籤",
    "ContextMenu-DeleteTagXFromRemoteY": "從{1}刪除{0}",
    "ContextMenu-DeleteTagXFromAllRemotes": "從所有遠程中刪除{0}",
    "ContextMenu-EditRemote": "編輯{0}",
    "ContextMenu-FavoriteRepository": "將存儲庫添加到收藏夾",
    "ContextMenu-FetchRemote": "獲取{0}",
    "ContextMenu-EditProjectGroup": "編輯標籤",
    "ContextMenu-FastForward": "快進{0}到{1}",
    "ContextMenu-HideAllStashes": "隱藏所有貯藏區",
    "ContextMenu-HideAllTags": "隱藏所有標籤",
    "ContextMenu-MergeBranchIntoBranch": "將 {0}合併到{1}",
    "ContextMenu-PushAndStartPullRequestToRef": "推送{0}並在{1}上創建拉取請求",
    "ContextMenu-PushAndStartPullRequest": "推送{0}創建拉取請求",
    "ContextMenu-PushTagToRemote": "將標籤推送到遠程",
    "ContextMenu-PushXToEllipses": "將{0}推送到...",
    "ContextMenu-PushXToAllRemotes": "將{0}推送到所有遠程",
    "ContextMenu-PushXToY": "將{0}推送到{1}",
    "ContextMenu-RebaseBranchOntoBranch": "變基{0}於{1}",
    "ContextMenu-RemoveRemote": "刪除{0}",
    "ContextMenu-RenameBranch": "重命名{0}",
    "ContextMenu-ResetBranchToThisCommit": "將{0}重置爲此提交",
    "ContextMenu-ResetSoftWithHint": "軟 - 保持所有本地改動",
    "ContextMenu-ResetMixedWithHint": "混合 - 保持工作副本並重置索引",
    "ContextMenu-ResetHardWithHint": "強行 - 丟棄所有改動過的工作副本",
    "ContextMenu-RevertCommit": "還原提交",
    "ContextMenu-SetUpstream": "設置上游",
    "ContextMenu-ShowAllStashes": "顯示所有貯藏區",
    "ContextMenu-ShowAllTags": "顯示所有標籤",
    "ContextMenu-StartPullRequestFromY": "從{0}創建拉取請求",
    "ContextMenu-StartPullRequestToX": "創建拉取請求到{0}",
    "ContextMenu-StartPullRequestToXFromY": "創建從{1}到{0}的拉取請求",
    "ContextMenu-StashApply": "應用貯藏區",
    "ContextMenu-StashDelete": "刪除貯藏區",
    "ContextMenu-StashPop": "彈出貯藏區",
    "ContextMenu-SquashXCommits": "合併{0}個提交",
    "ContextMenu-UnfavoriteRepository": "取消收藏存儲庫",
    "ContextMenu-ViewServiceRemoteInBrowser": "在{1}上查看{0}",

    "Toolbar-CloseSubmodule": "關閉子模塊",
    "Toolbar-CloseRepository": "關閉存儲庫",

    "BreadCrumbs-FavoritesHeader": "收藏夾",
    "BreadCrumbs-RecentsHeader": "最近打開的",

    "Profile-AddAProfile": "添加配置文件",
    "Profile-CancelDelete": "不, 保留此配置文件",
    "Profile-ChangeEmail": "使用其他賬戶登錄",
    "Profile-ConfirmDeleteHeader": "是否刪除此配置文件?",
    "Profile-ConfirmDelete": "是, 刪除此配置文件",
    "Profile-CopySettingsFromCurrentProfile": "從當前配置文件複製設置",
    "Profile-DeleteProfile": "刪除",
    "Profile-Description": "GitKraken使用配置文件來存儲應用程序首選項以及git配置信息。安裝後設置的首選項設置爲默認配置文件。在GitKraken Pro中, 您可以創建其他配置文件, 並在不同的項目、工作環境等之間快速切換。",
    "Profile-EditProfile": "編輯配置文件",
    "Profile-ManageAccount": "賬戶管理",
    "Profile-MyProfiles": "我的配置文件",
    "Profile-Preferences": "首選項",
    "Profile-ProfileName": "配置文件名稱",
    "Profile-ReferralRewards": "推薦獎勵",
    "Profile-RequiresPro": "需要專業版才能添加或切換配置文件, 請單擊此處升級。",
    "Profile-Unlock": "通過升級到專業版解鎖配置文件切換",
    "Profile-SaveChanges": "保存改動",
    "Profile-SelectIcon": "請選擇一個圖標",
    "Profile-SetUpYourProfile": "設置您的配置文件",
    "Profile-StartAFreeProTrial": "開始專業版免費試用",
    "Profile-SyncChanges": "保持我的.gitconfig與配置文件同步更新",
    "Profile-SyncChangesSub": "選中後, GitKraken 將使用當前配置文件中的用戶名和電子郵件地址更新您的全局git配置。",
    "Profile-Unregistered": "未註冊",
    "Profile-UpgradeToPro": "升級到GitKraken專業版",
    "Profiles": "配置文件",

    "RefBar-NavigateToBranch": "導航到分支",
    "RefBar-GroupGitFlow": "GIT工作流",
    "RefBar-GroupLocal": "本地",
    "RefBar-GroupRemote": "遠程",
    "RefBar-GroupPullRequests": "拉取請求",
    "RefBar-GroupStashes": "貯藏區",
    "RefBar-GroupSubmodules": "子模塊",
    "RefBar-GroupTags": "標籤",
    "RefBar-NAhead": "超前{0}",
    "RefBar-NBehind": "落後{0}",
    "RefBar-NavigateToTag": "導航到標籤",
    "RefBar-StatusViewing": "查看",
    "RefBar-StatusSoloing": "獨奏",
    "RefBar-AddRemote": "添加遠程",
    "RefBar-OpenGitFlow": "打開Git工作流",
    "RefBar-AddBranch": "創建新分支",
    "RefBar-AddSubmodule": "添加子模塊",
    "RefBar-AddTag": "創建新標籤",
    "Refbar-BranchActions": "分支操作",
    "RefBar-TagActions": "標籤操作",

    "Repo-SuccessfullyCreatedRepo": "創建存儲庫成功",

    "PullRequest-SuccessfullyCreatePullRequest": "創建拉取請求成功",
    "ViewOnHostingService": "在 {0} 上查看",

    "PullRequestBar-Assignees": "負責人",
    "PullRequestBar-Reviewers": "評審",
    "PullRequestBar-Labels": "標籤",
    "PullRequestBar-Opened": "已打開:{0}",
    "PullRequestBar-Updated": "已更新:{0}",
    "PullRequestBar-Yesterday": "昨天",
    "PullRequestBar-DaysAgo": "{0}天前",
    "PullRequestBar-HourAgo": "{0}小時前",
    "PullRequestBar-HoursAgo": "{0}小時前",
    "PullRequestBar-MinuteAgo": "{0}分鐘前",
    "PullRequestBar-MinutesAgo": "{0}分鐘前",
    "PullRequestBar-JustNow": "剛纔",
    "PullRequestBar-CreatePullRequest": "創建拉取請求",
    "PullRequestBar-Menu": "拉請求操作",
    "PullRequestBar-UnknownPullRequestHead": "私有存儲庫(拒絕訪問)",
    "PullRequestBar-ViewPullRequestInBrowser": "在{2}上查看拉取請求 {0} {1}",
    "PullRequestBar-ViewContinuousIntegrationResultInBrowser": "查看{0}的最新版本",
    "PullRequestBar-AddPullRequestRemote": "將{0}添加爲遠程",
    "PullRequestBar-AddPullRequestRemoteAndCheckoutPRHead": "將{0}添加爲遠程並檢出",

    "PullRequestPanel-AddAssignee": "添加負責人...",
    "PullRequestPanel-AddAssignees": "添加負責人...",
    "PullRequestPanel-AddLabels": "添加標籤...",
    "PullRequestPanel-AddReviewers": "添加評審人...",
    "PullRequestPanel-AddTemplate": "添加模板...",
    "PullRequestPanel-Assignee": "負責人",
    "PullRequestPanel-Assignees": "負責人",
    "PullRequestPanel-Branch": "分支",
    "PullRequestPanel-Description": "描述",
    "PullRequestPanel-EditOnService": "使用{0}進行修改",
    "PullRequestPanel-FromRepo": "源存儲庫",
    "PullRequestPanel-Labels": "標籤",
    "PullRequestPanel-NoAssigneesFound": "未找到負責人",
    "PullRequestPanel-NoLabelsFound": "未找到標籤",
    "PullRequestPanel-NoReviewersFound": "未找到評審人",
    "PullRequestPanel-NoTemplatesFound": "找不到模板",
    "PullRequestPanel-PullRequestTitle": "拉請求標題",
    "PullRequestPanel-PullRequestDescription": "拉請求描述",
    "PullRequestPanel-Repo": "存儲庫",
    "PullRequestPanel-Reviewers": "評審",
    "PullRequestPanel-Template": "模板",
    "PullRequestPanel-Title": "標題",
    "PullRequestPanel-ToRepo": "目標存儲庫",
    "PullRequestPanel-AzureDevopsEditPullRequestWarning": "如果您選擇在Azure開發運維上進行編輯, 您的拉請求標題/描述將不會轉移到Azure開發運維",
    "PullRequestPanel-GitHubEditPullRequestWarning": "如果您選擇在GitHub上編輯, 拉取請求的審閱者將不會傳送到GitHub。",

    "PullRequestTooltip-WantsToMerge": "想要合併",
    "PullRequestTooltip-Into": "到",
    "PullRequestTooltip-BuildStatus": "構建狀態:",
    "PullRequestTooltip-ChecksOK": "檢查{0}/{1}正常",
    "ContinuousIntegrationTooltip-SomeChecksFailed": "某些檢查失敗",
    "ContinuousIntegrationTooltip-SomeChecksPending": "某些檢查掛起",
    "ContinuousIntegrationTooltip-AllChecksPassed": "已通過所有檢查",

    "RemoteBar-Menu": "遠程操作",

    "ShPath-ConfirmPath": "這個存儲庫需要需要sh來運行Git鉤子。sh的路徑是否位於{0}?",

    "StashBar-Menu": "貯藏操作",

    "WorkDirMessageInput-WIPPlaceholder": "// WIP",
    "CommitAllChangesShortcutTip": "使用Shift-Enter提交所有改動",

    "Timeline-1HourAgo": "1小時前",
    "Timeline-NHoursAgo": "{0}小時前",
    "Timeline-Yesterday": "昨天",
    "Timeline-NDaysAgo": "{0}天前",
    "Timeline-1WeekAgo": "一週前",
    "Timeline-NWeeksAgo": "{0}周前",
    "Timeline-1MonthAgo": "1個月前",
    "Timeline-NMonthsAgo": "{0}個月前",
    "Timeline-1YearAgo": "一年前",
    "Timeline-NYearsAgo": "{0}年前",
    "Timeline-ArbitrarilyLongAgo": "請停止滾動",

    "RightPanel-FilterFiles": "過濾文件",
    "RightPanel-MergeConflictsDetected": "檢測到合併衝突",
    "RightPanel-1ChangeOn": "1個文件改動",
    "RightPanel-NChangesOn": "{0}文件改動",
    "RightPanel-NCommitsSelected": "{0}個已選中的提交",
    "RightPanel-PinToBottom": "固定在底邊",
    "RightPanel-PinToRight": "固定在右邊",
    "RightPanel-RebaseConflictsDetected": "檢測到變基衝突",
    "RightPanel-UnsupportedRebase": "外部變基正在進行中",
    "RightPanel-ViewChange": "查看改動",
    "RightPanel-ViewChanges": "查看改動",
    "RightPanel-ViewConflict": "查看衝突",
    "RightPanel-ViewConflicts": "查看衝突",
    "RightPanel-View1FileChangeInWorkingDirectory": "1工作目錄中的文件改動",
    "RightPanel-ViewNFileChangesInWorkingDirectory": "工作目錄中的 {0} 文件改動",
    "RightPanel-View1FileConflictInWorkingDirectory": "1工作目錄中的文件衝突",
    "RightPanel-ViewNFileConflictsInWorkingDirectory": "工作目錄中 {0} 文件衝突",
    "RightPanel-ViewAllFiles": "查看所有文件",

    "StagingPanel-ShowMoreFiles": "顯示下一個{0}({1}以上)",
    "StagingPanel-Amend": "修改",
    "StagingPanel-UseTemplate": "使用模板",
    "CommitMessage-CommitMessageLabel": "提交消息",
    "CommitMessage-SummaryPlaceholder": "摘要",
    "CommitMessage-DescriptionPlaceholder": "描述",

    "CommitDetailPanel-AndTheWIP": "和WIP",
    "CommitDetailPanel-DiffBetweenACommitAndTheWIP": "查看提交和WIP之間的差異",
    "CommitDetailPanel-DiffBetweenCommitsTitle": "查看{0}個提交的合併差異",
    "CommitDetailPanel-DiffBetweenTwoCommits": "查看兩個提交之間的差異",
    "CommitDetailPanel-MergeConflictTitle": "合併衝突",
    "CommitDetailPanel-MergeTitle": "合併",
    "CommitDetailPanel-MergeMessage": "將 {0}合併到{1}中",
    "CommitDetailPanel-UnsupportedRebaseTitle": "檢測到外部變基",
    "CommitDetailPanel-UnsupportedRebaseMessage": "當變基在其他應用程序中運行時, GitKraken的功能受到限制",
    "UncommittedFileList-StagedFilesTitleSummary": "已暫存文件({0})",
    "UncommittedFileList-UnstagedFilesTitleSummary": "未暫存文件({0})",
    "UncommittedFileList-ConflictedFilesTitleSummary": "衝突文件({0})",
    "UncommittedFileList-UnconflictedFilesTitleSummary": "已解析文件({0})",
    "CommitDiffSection-NFilesAdded": "{0}添加",
    "CommitDiffSection-NFilesDeleted": "{0}刪除",
    "CommitDiffSection-NFilesModified": "{0}修改",
    "CommitDiffSection-NFilesRenamed": "{0}改名",

    "FileViewPanel-DiffView": "差異視圖",
    "FileViewPanel-EditInWorkDir": "在工作目錄中編輯",
    "FileViewPanel-EditThisFile": "編輯此文件",
    "FileViewPanel-Editable": "編輯",
    "FileViewPanel-FileView": "文件視圖",
    "FileViewPanel-DiffFileMode": "將文件模式從{0}改動爲{1}",
    "FileViewPanel-HunkView": "區塊視圖",
    "FileViewPanel-InlineView": "內聯視圖",
    "FileViewPanel-NextDiff": "下一個更改",
    "FileViewPanel-PreviousDiff": "上一個更改",
    "FileViewPanel-SplitView": "拆分視圖",
    "FileViewPanel-ToggleSplitView": "切換拆分視圖",
    "FileViewPanel-IgnoreWhiteSpace": "忽略空格",
    "FileViewPanel-History": "歷史",
    "FileViewPanel-Blame": "追責",

    "FileContentsPanel-Binary": "二進制文件",
    "FileContentsPanel-Deleted": "文件已刪除",
    "FileContentsPanel-Tree": "目錄",
    "FileContentsPanel-EmptyDiff": "該文件尚未改動。",

    "DiffPanel-EmptyFile": "空文件",

    "FileNodeListControls-FullPath": "路徑",
    "FileNodeListControls-SortByNameLabel": "按文件名排序",
    "FileNodeListControls-TreeView": "樹狀",

    "FileNodeListHeader-CollapseAll": "全部摺疊",
    "FileNodeListHeader-ExpandAll": "全部展開",

    "FileNode-1HiddenSelection": "已選中1個文件",
    "FileNode-NHiddenSelections": "已選中{0}個文件",

    "Merge-AutoResolved": "合併工具自動解決衝突",
    "Merge-A": "A",
    "Merge-B": "B",
    "Merge-BinaryFile": "二進制文件",
    "Merge-Commit": "提交",
    "Merge-ConflictXofY": "衝突{0}/{1}",
    "Merge-DontTake": "刪除此行",
    "Merge-NoAncestorFile": "沒有上級文件",
    "Merge-NoImage": "無圖片",
    "Merge-Reset": "清除選擇",
    "Merge-ResetMerge": "重置",
    "Merge-SaveOutput": "保存輸出",
    "Merge-SaveWithConflicts": "創建衝突區塊",
    "Merge-TakeAll": "全部使用",
    "Merge-UntakeAll": "全部取消",
    "Merge-TakeLeft": "使用A",
    "Merge-TakeLeftOnly": "僅使用A",
    "Merge-TakeLine": "使用此行",
    "Merge-TakeRight": "使用B",
    "Merge-TakeRightOnly": "僅使用B",
    "Merge-OneConflict": "(1個衝突)",
    "Merge-Output": "輸出",
    "Merge-ProFeature": "它是GitKraken Pro的一個功能",
    "Merge-Unknown": "應用補丁或貯藏",
    "Merge-WithGitKrakenPro": "你需要GitKraken專業版",
    "Merge-EditOutput": "編輯文件輸出",
    "Merge-ProMergeDescription": "升級到GitKraken專業版並進一步簡化合並衝突解決方案, 無需離開應用程序即可直接編輯輸出。",
    "Merge-XConflicts": "({0}個衝突)",

    "DiffImage-ShowDiffOverlay": "舊圖片上的差異疊加",
    "DiffImage-ErrorLoadingImage": "加載圖片時出錯。",
    "DiffImage-OldImage": "舊圖像",
    "DiffImage-NewImage": "新圖像",

    "RefZone-EnterBranchName": "輸入分支名稱",
    "RefZone-EnterTagName": "輸入標籤名稱",
    "RefZone-LocalRefLabel": "本地",
    "RefZone-SubmoduleTagTip": "子模塊父引用",

    "ChangeRepo-CloneRepo": "克隆",
    "ChangeRepo-InitRepo": "初始化",
    "ChangeRepo-OpenRepo": "打開",

    "CloseRepo-CloseFailed": "關閉失敗",

    "OpenRepo-AddProjectFolder": "添加項目文件夾",
    "OpenRepo-AddProjectFolderTooltip": "添加一個文件夾, 您可以在其中保存多個存儲庫, 因此GitKraken可以幫助您快速打開它們",
    "OpenRepo-BrowseForProjectDirectory": "瀏覽項目目錄",
    "OpenRepo-BrowseForReposButtonLabel": "打開一個存儲庫",
    "OpenRepo-BrowseForReposDialogTitle": "選擇要打開的存儲庫",
    "OpenRepo-Favorites": "收藏夾",
    "OpenRepo-IsOpenIndicator": "(已打開)",
    "OpenRepo-NoReposFavorited": "沒有收藏的存儲庫。",
    "OpenRepo-NoReposFound": "GitKraken 沒有找到任何存儲庫。",
    "OpenRepo-OpenFailed": "打開失敗",
    "OpenRepo-OpeningRepo": "正在打開存儲庫",
    "OpenRepo-ProjectFoldersSection": "項目組",
    "OpenRepo-RecentlyOpened": "最近打開的",
    "OpenRepo-SearchingForRepos": "正在尋找存儲庫",

    "CloneRepo-ArchivedRepoSuffix": "(存檔)",
    "CloneRepo-CloneARepo": "克隆存儲庫",
    "CloneRepo-CloneDestinationPath": "要克隆到的位置",
    "CloneRepo-ClonedRepoName": "完整路徑",
    "CloneRepo-CloneRepoButtonLabel": "克隆存儲庫！",
    "CloneRepo-RepoToCloneViaService": "要克隆的存儲庫",
    "CloneRepo-RepoToCloneUrl": "URL",
    "CloneRepo-CloneSuccess": "存儲庫'{0}'克隆成功",
    "CloneRepo-CloneFailed": "克隆失敗",
    "CloneRepo-CloneViaUrl": "使用URL克隆",

    "InitRepo-CreateRepoButtonLabel": "創建存儲庫",
    "InitRepo-CreateRepoAndCloneButtonLabel": "創建存儲庫並克隆",
    "InitRepo-CreateRepoTarget": "初始化",
    "InitRepo-GitIgnoreTemplate": ".gitignore模板(可選)",
    "InitRepo-GitIgnoreTypeaheadPlaceholder": "開始輸入以搜索模板",
    "InitRepo-InitLocally": "僅限本地",
    "InitRepo-InitARepo": "初始化存儲庫",
    "InitRepo-License": "許可證(可選)",
    "InitRepo-HostingServiceAccountLabel": "賬戶",
    "InitRepo-HostingServiceProjectLabel": "項目",
    "InitRepo-HostingServiceRepoNameLabel": "名稱",
    "InitRepo-HostingServiceRepoDescriptionLabel": "描述",
    "InitRepo-HostingServiceAccessLabel": "訪問",
    "InitRepo-HostingServiceCloneAfterInitLabel": "初始化後克隆",
    "InitRepo-NewRepoPath": "新建存儲庫路徑",
    "InitRepo-PublicAccess": "公開",
    "InitRepo-PrivateAccess": "私有",

    "FileHistory-NothingFound": "已搜索到{0}({1})",
    "FileHistory-ContinueLooking": "深入",

    "GeneralPreferences": "常規",
    "GeneralPreferences-AutoFetchInterval": "自動獲取間隔",
    "GeneralPreferences-AutoFetchIntervalHelp": "它可以設置爲0到60分鐘(設置爲0時, 禁用自動獲取)。獲取所有可見的遠程。",
    "GeneralPreferences-AutoFetchIntervalWarning": "如果您有許多可見的遠程, 這可能會影響性能。",
    "GeneralPreferences-AutoFetchIntervalWarningWithLfs": "如果您有許多可見的遠程, 這可能會影響性能。LFS 對象將不會自動獲取。",
    "GeneralPreferences-AutoPrune": "自動裁剪",
    "GeneralPreferences-CustomTerminalCmd": "自定義命令終端",
    "GeneralPreferences-CustomTerminalCmdHelp": "打開新終端窗口時將執行該命令。關鍵字%d將被替換爲存儲庫路徑",
    "GeneralPreferences-DefaultTerminal": "默認終端",
    "GeneralPreferences-DeleteOrigAfterMerge": "合併後刪除\".orig\"文件",
    "GeneralPreferences-DiffTool": "差異工具",
    "GeneralPreferences-UseSameDiffTool": "使用合併工具作爲比較工具",
    "GeneralPreferences-UseSameDiffToolHelp": "使用配置的合併工具顯示差異",
    "GeneralPreferences-MergeTool": "合併工具",
    "GeneralPreferences-MergeToolHelp": "選設置用於解決合併衝突的應用程序",
    "GeneralPreferences-GitConfigDefault": "Git Config默認",
    "GeneralPreferences-RememberLastOpenedRepository": "啓動時記住上次打開的存儲庫",
    "GeneralPreferences-OptIntoAnalytics": "將GitKraken使用數據發送給Axosoft",
    "GeneralPreferences-OptIntoBugReporting": "將關於GitKraken的bug報告發送給Axosoft",
    "GeneralPreferences-WindowsShPathLocation": "sh.exe的路徑",
    "GeneralPreferences-WindowsShPathLocationHelp": "只有在使用Git鉤子時才需要指定sh.exe的路徑。\nsh.exe可以在Git for Windows的安裝路徑下找到\n它通常位於Program Files\\Git\\bin。\n如果找不到它, 則可能需要安裝Git for Windows。",
    "GeneralPreferences-UseCustomTerminalCmd": "使用自定義終端命令",

    "RepoSpecificPreferences": "特定存儲庫首選項",

    "GitConfig": "Git配置",
    "GitConfig-Email": "電子郵件地址",
    "GitConfig-Name": "用戶名",
    "GitConfig-AutoCRLF": "自動行尾字符",

    "Authentication": "認證",
    "SSHKey": "SSH密鑰",
    "SSHConfig": "SSH配置",
    "SSHConfig-GenerateNewKey": "生成新的密鑰/公鑰",
    "SSHConfig-GenerateNewKeyButtonLabel": "生成",
    "SSHConfig-GenerateNewKeyHelp": "這將創建新的密鑰並配置GitKraken以使用它們",
    "SSHConfig-UseLocalSSHAgent": "使用本地SSH代理",
    "SSHConfig-SSHPrivateKey": "SSH密鑰",
    "SSHConfig-SSHPublicKey": "SSH公鑰",
    "SSHConfig-SSHKeySaveLocation": "SSH密鑰保存位置",
    "Authentication-ForgetAllCredentials": "忘記所有用戶名/密碼",
    "Authentication-ForgetAll": "忘記所有",
    "Authentication-NoCredentialsToRemove": "GitKraken沒有要刪除的存儲憑據",

    "Service": "服務",
    "Services": "服務",
    "Services-AddAndCopy": "添加SSH密鑰並將其複製到剪貼板",
    "Services-AddedDate": "{0}已添加",
    "Services-AddExistingSSHKey": "添加現有SSH密鑰",
    "Services-AddToService": "添加{0}",
    "Services-BrowseForPublicSSHKey": "瀏覽**公**鑰",
    "Services-BrowseForPrivateSSHKey": "瀏覽**私**鑰",
    "Services-CannotDisconnectLoginService": "當{0}被用於登錄GitKraken時, 不能斷開連接。",
    "Services-ClearSSHKey": "停止使用",
    "Services-ComingSoon": "即將推出",
    "Services-Connect": "連接",
    "Services-Connected": "已連接",
    "Services-ConnectedWithService": "已連接到{0}",
    "Services-CopySSHPublicKeyToClipboard": "將公鑰複製到剪貼板",
    "Services-CopySSHPublicKeyAndOpenWebsite": "將公鑰複製到剪貼板並使用{0}打開它",
    "Services-AuthenticationGeneral": "常規",
    "Services-DeleteSSHKey": "刪除本地",
    "Services-Disconnect": "斷開",
    "Services-EditConfig": "編輯",
    "Services-Reconnect": "重連接",
    "Services-RemoveConfig": "刪除",
    "Services-RemoveConfigTooltip": "移除與此服務器的連接",
    "Services-RemoveSSHKey": "刪除密鑰",
    "Services-RemoveAndDeleteSSHKey": "移除並刪除",
    "Services-GenerateSSHKey": "生成SSH密鑰",
    "Services-GenerateAndAddSSHKey": "生成SSH密鑰並添加到{0}",
    "Services-GenerateAndCopySSHKey": "生成SSH密鑰並複製到剪貼板",
    "Services-HostDomain": "主機域",
    "Services-HostDomainHint": "例如: {0}.mycompany.com",
    "Services-HostDomainHintAzureDevops": "例如, dev.azure.com/mycompany",
    "Services-Info": "設置SSH並繼續登錄以優化您的體驗。GitKraken可以爲每個服務設置不同的SSH密鑰。",
    "Services-KeyPrivate": "私鑰: {0}",
    "Services-KeyPublic": "公鑰: {0}",
    "Services-LeaveBlank": "建議此字段留空",
    "Services-ServiceNotConnected": "{0}未連接",
    "Services-NotConnected": "未連接",
    "Services-AddKey": "將密鑰添加到{0}",
    "Services-PersonalAccessToken": "個人訪問令牌",
    "Services-PersonalAccessTokenGenerate": "創建{0}的訪問令牌",
    "Services-PersonalAccessTokenTooltip": "GitKraken可以使用個人訪問令牌連接到企業服務器, 並簡化應用程序中的操作. 單擊 <i class=\"zmdi zmdi-help-outline color-accent\"> </i> 瞭解如何執行。",
    "Services-GitKrakenNeedsATokenFrom": "GitKraken需要一個令牌從",
    "Services-WithTheFollowingSettings": "使用以下設置：",
    "Services-GenerateATokenOn": "在{0}上生成令牌",
    "Services-Repo": "{0}存儲庫",
    "Services-ServiceConnectionSuccessful": "已連接到{0}",
    "Services-ServiceConnectionSuccessfulMessage": "在克隆或添加遠程時, GitKraken將幫助您查找{0}上的內容。我們還將使用您的SSH配置來獲取和推送;或者, 您可以在\"服務\"菜單中設置一個{0}特定的SSH密鑰。",
    "Services-ServiceConnectionSuccessfulWithoutRemotesMessage": "GitKraken將幫助您在克隆時查找{0}上的內容。我們還將使用您的SSH配置來獲取和推送;或者, 您可以在\"服務\"菜單中設置一個{0}特定的SSH密鑰。",
    "Services-SSHKey": "SSH密鑰",
    "Services-SSHKeyAdviseAdd": "在{0}賬戶上找不到此項。GitKraken可以嘗試將密鑰添加到{0}(推薦)。",
    "Services-SSHKeyAdviseInvalid": "在{0}賬戶上找不到此項。您可以從下面配置GitHub的SSH密鑰。",
    "Services-SSHKeyAdviseInvalidOrAdd": "在{0}賬戶上找不到此項。GitKraken可以嘗試將密鑰添加到{0}, 也可以在下面配置其他密鑰。",
    "Services-SSHKeyAdditionSuccessful": "將SSH密鑰已添加到{0}!",
    "Services-SSHKeyRemovalSuccessful": "SSH密鑰已從{0}中刪除。",
    "Services-SSHKeyTitlePlaceholder": "(可選)請輸入新SSH密鑰的標題",
    "Services-SSHKeyTooltip": "使用GitKraken將SSH密鑰添加到 {0}。在與{0} SSH存儲庫交互時, GitKraken將使用該密鑰。",
    "Services-SSHKeyUnverifiable": "{0}不允許外部應用程序檢查公鑰是否已註冊。如果您的密鑰未被{0}接受, 請使用下面的按鈕, 並確保該鍵已添加到{1}上。",
    "Services-UsingAgent": "使用系統SSH本地代理",
    "Services-UsingDefaults": "使用默認的GitKraken SSH密鑰",
    "Services-UsingNone": "未檢測到 SSH 設置。可以將 SSH 密鑰添加到下面的 {0}。",
    "Services-WaitingForAuthorization": "正在等待授權...",
    "Services-WaitingForAuthorizationTooltip": "正在等待與 {0} 建立的連接。單擊此處再次嘗試連接。",
    "Services-UsingQuestion": "是否使用 {0}?",
    "Services-GitHubEnterpriseUpgradeToPro": "升級到GitKraken專業版並享與GitHub企業服務器相同的集成，就像使用GitHub.com一樣",
    "Services-BitbucketServerUpgradeToPro": "升級到GitKraken專業版並享與BitBucket服務器相同的集成，就像使用Bitbucket.org一樣",
    "Services-GitLabSelfHostedUpgradeToPro": "升級到GitKraken專業版並享與Gi​​tLab服務器相同的集成，就像使用GitLab.com一樣",
    "Services-AzureDevopsUpgradeToPro": "升級到GitKraken專業版以開始使用Azure開發運維集成",
    "Services-Error-HostDomainUnreachable": "無法訪問指定的主機",
    "Services-Error-PersonalAccessTokenInvalid": "指定的個人訪問令牌無效",
    "Services-Error-SavePersonalAccessTokenFailed": "使用個人訪問令牌進行連接失敗",

    "Shop-ShopTitle": "賬戶管理",
    "Shop-OpenInBrowser": "在瀏覽器中打開",

    "CommitTemplate": "提交模板",
    "CommitTemplates-Description": "描述",
    "CommitTemplates-Summary": "摘要",
    "CommitTemplates-TitleLimitHelpText": "使用爲提交摘要分配的 {0}/{1} 個字符",
    "CommitTemplates-TitleLimitExceeded": "超過了用於提交摘要的字符限制 ({0})!",
    "CommitTemplates-SuccessSaveTemplate": "保存提交模板成功",
    "CommitTemplates-ErrorSaveTemplate": "保存提交模板時出錯",
    "CommitTemplates-SaveCommitTemplate": "保存提交模板",
    "CommitTemplates-Instructions": "應用默認初始消息，可在提交時保持摘要和描述的一致性。有關詳細信息, 請參閱",
    "CommitTemplates-CommitTemplateDocumentation": "Git提交模板文檔",
    "CommitTemplates-UseTemplateForCommitMessages": "將此模板應用於提交消息",
    "CommitTemplates-RemoveCommentsFromCommitMessages": "從提交消息中刪除註釋",

    "GitFlow": "Git工作流",
    "GitFlow-Branches": "分支",
    "GitFlow-Prefixes": "前綴",
    "GitFlow-Master": "主幹",
    "GitFlow-Develop": "開發",
    "GitFlow-Feature": "功能",
    "GitFlow-Release": "發佈",
    "GitFlow-Hotfix": "熱修復",
    "GitFlow-VersionTag": "版本標籤",
    "GitFlow-Init": "初始化Git工作流",
    "GitFlow-Init-NoRepo": "必須打開一個存儲庫才能初始化 Git 流。",
    "GitFlow-Init-Success": "Git工作流初始化成功",
    "GitFlow-Init-Failure": "Git工作流初始化失敗",
    "GitFlow-Update": "更新Git工作流設置",
    "GitFlow-UpdateWarning": "更改這些前綴將導致使用不同前綴的現有分支被Git工作流忽略。",
    "GitFlow-Start": "啓始",
    "GitFlow-StartAt": "啓始於:",
    "GitFlow-StartFeature": "啓始功能",
    "GitFlow-StartHotfix": "啓始熱修復",
    "GitFlow-StartRelease": "啓始發佈",
    "GitFlow-StartFeatureSuccess": "功能已啓始: '{0}'",
    "GitFlow-StartHotfixSuccess": "熱修復已啓始: '{0}'",
    "GitFlow-StartReleaseSuccess": "發佈已啓始: '{0}'",
    "GitFlow-Finish": "完結",
    "GitFlow-Finish-Branch": "完結{0}",
    "GitFlow-FinishFeature": "完結功能",
    "GitFlow-FinishFeatureSuccess": "功能已完結: '{0}'",
    "GitFlow-FinishHotfix": "完結熱修復",
    "GitFlow-FinishHotfixSuccess": "熱修復已完結: '{0}'",
    "GitFlow-FinishRelease": "完結髮布",
    "GitFlow-FinishReleaseSuccess": "發佈已完結: '{0}'",
    "GitFlow-LatestDevelop": "最新的{0}",
    "GitFlow-WorkingCopy": "當前分支",
    "GitFlow-DeleteBranch": "刪除分支",
    "GitFlow-RebaseOnDevelop": "變基爲{0}",
    "GitFlow-TagMessage": "標籤消息",
    "GitFlow-Exit": "退出Git工作流",
    "GitFlow-CannotFinishFeatureMissingRef": "無功能可完結",
    "GitFlow-CannotFinishFeatureMissingDevelop": "{0}分支必須完結功能",
    "GitFlow-CannotFinishHotfixMissingRef": "無熱修復可完結",
    "GitFlow-CannotFinishHotfixMissingBoth": "{0}和{1}分支必須完結熱修復",
    "GitFlow-CannotFinishHotfixMissingDevelop": "{0}分支必須完結熱修復",
    "GitFlow-CannotFinishHotfixMissingMaster": "{0}分支必須完結熱修復",
    "GitFlow-CannotFinishReleaseMissingRef": "無發佈可完結",
    "GitFlow-CannotFinishReleaseMissingBoth": "{0}和{1}分支必須完結熱修復",
    "GitFlow-CannotFinishReleaseMissingDevelop": "{0}分支必須完結髮布",
    "GitFlow-CannotFinishReleaseMissingMaster": "{0}分支必須完結髮布",
    "GitFlow-CannotStartFeatureMissingDevelop": "{0}分支必須啓始功能",
    "GitFlow-CannotStartHotfixMissingMaster": "{0}分支必須啓始熱修復",
    "GitFlow-CannotStartReleaseMissingDevelop": "{0}分支必須啓始發佈",

    "Lfs-TrackingPatternPlaceholder": "請輸入模式(例如: *.Zip)",
    "Lfs-AddTrackingPattern": "添加跟蹤模式",
    "Lfs-ViewGitattributes": "在編輯器中查看.gitattributes",
    "Lfs-PreferencesHeader": "LFS",
    "Lfs-HasNotBeenInitialized": "LFS未使用{0}進行初始化",
    "Lfs-InitializeLfs": "初始化LFS",
    "Lfs-InitializeLfsOnThisRepo": "在此存儲庫初始化LFS",
    "Lfs-TrackingPatterns": "跟蹤模式",
    "Lfs-AllFilesWithSameExtension": "跟蹤具有擴展名 \"{0}\" 的所有文件",
    "Lfs-AllFilesInFolder": "跟蹤 \"{0}/\" 下的所有文件",
    "Lfs-TrackFile": "跟蹤 \"{0}\"",
    "Lfs-Commands": "LFS命令",
    "Lfs-Push": "推送所有LFS文件",
    "Lfs-Prune": "剪裁本地LFS存儲庫",
    "Lfs-Pull": "拉取所有 LFS 文件",
    "Lfs-Checkout": "檢出所有LFS文件",
    "Lfs-Fetch": "獲取所有LFS文件",
    "Lfs-IsWorking": "工作...",
    "Lfs-PullLfsNow": "您確定要拉出所有LFS文件嗎?",
    "Lfs-InitializeWithLfs": "初始化LFS",
    "Lfs-SettingsHeader": "LFS設置",
    "Lfs-LfsNotInstalledMessage": "此存儲庫需要LFS, 但尚未安裝。改動LFS管理的文件可能會對存儲庫產生負面影響。有關安裝LFS的信息, 請訪問支持網站。",
    "Lfs-LfsNotProperVersionMessage": "Git或LFS的版本已過期。改動LFS管理的文件可能會對存儲庫產生負面影響。有關安裝LFS的信息, 請訪問支持網站。",
    "Lfs-ContinueWithoutLfs": "繼續無LFS",
    "Lfs-VisitSupportDocs": "查看文檔",
    "Lfs-NewPattern": "添加新模式",
    "Lfs-FetchHeader": "獲取",
    "Lfs-PullHeader": "拉取",
    "Lfs-PushHeader": "推送",
    "Lfs-PruneHeader": "剪裁",
    "Lfs-CheckoutHeader": "檢出",
    "Lfs-ErrorPull": "拉取LFS時發生錯誤",
    "Lfs-ErrorFetch": "獲取LFS期間發生錯誤",
    "Lfs-ErrorPush": "推送LFS時發生錯誤",
    "Lfs-ErrorPrune": "在LFS剪裁期間發生錯誤",
    "Lfs-ErrorCheckout": "LFS檢出時發生錯誤",
    "Lfs-SuccessPull": "LFS拉成功",
    "Lfs-SuccessFetch": "LFS獲取成功",
    "Lfs-SuccessPush": "LFS推進成功",
    "Lfs-SuccessPrune": "LFS剪裁成功",
    "Lfs-SuccessCheckout": "LFS檢出成功",
    "Lfs-UpToDate": "LFS文件是最新的",
    "Lfs-NeedsYourCredentials": "LFS需要身份驗證信息",

    "Submodule": "子模塊",
    "Submodule-CannotStageUncommittedSubmoduleChanges": "有些改動尚未提交給子模塊。請提交改動並打開子模塊。",
    "Submodule-CheckingOut": "正在檢出子模塊{0}",
    "Submodule-CommitMessageDeleted": "已移除子模塊{0}",
    "Submodule-CommitMessageNew": "子模塊{0}已添加",
    "Submodule-CommitMessageUpdated": "已更新子模塊{0}",
    "Submodule-CommitWithAlreadyStagedPrompt": "您有已暫存的改動，是否也要提交這些改動?",
    "Submodule-CouldNotShowCurrent": "在初始化子模塊之前無法解決子模塊{0}中的合併衝突",
    "Submodule-Create": "添加子模塊",
    "Submodule-Creating": "正在添加子模塊",
    "Submodule-DeletePrompt": "這是一種破壞性的操作, 確定要刪除 \"{0}\"嗎?",
    "Submodule-Deleting": "正在移除子模塊",
    "Submodule-Edit": "編輯子模塊",
    "Submodule-Fetching": "正在獲取子模塊{0}",
    "Submodule-FetchingRecursively": "正在遞歸獲取子模塊{0}",
    "Submodule-FormAdded": "已添加",
    "Submodule-FormCheckout": "檢出",
    "Submodule-FormCommit": "提交改動",
    "Submodule-FormCurrentRevision": "當前修訂版",
    "Submodule-FormDefault": "默認",
    "Submodule-FormMerge": "合併",
    "Submodule-FormName": "名稱",
    "Submodule-FormNamePath": "名稱/路徑",
    "Submodule-FormNone": "無",
    "Submodule-FormOpen": "打開此子模塊",
    "Submodule-FormPath": "路徑",
    "Submodule-FormPointerRevision": "預期的提交",
    "Submodule-FormRebase": "變基",
    "Submodule-FormRemove": "刪除此子模塊",
    "Submodule-FormReset": "丟棄子模塊中的改動",
    "Submodule-FormUpdateStrategy": "更新策略",
    "Submodule-FormUrl": "遠程URL",
    "Submodule-FormWorkdirRevision": "已檢出提交",
    "Submodule-InitAllPrompt": "您確定要初始化{0}的子模塊嗎?",
    "Submodule-Initialize": "初始化",
    "Submodule-Initializing": "初始化子模塊",
    "Submodule-InitializingProgress": "初始化子模塊{0}({1})",
    "Submodule-InitializingUpdate": "更新...",
    "Submodule-Menu": "子模塊操作",
    "Submodule-LocalModifications": "有些改動未提交給子模塊",
    "Submodule-OpenImplied": "打開子模塊",
    "Submodule-UseCurrent": "使用當前的",
    "Submodule-Open": "打開子模塊: {0}",
    "Submodule-PathExistsPrompt": "路徑{0}已存在，是否刪除它?",
    "Submodule-Status-AddedUninitialized": "您的子模塊已添加, 但需要初始化。",
    "Submodule-Status-AddedInitialized": "您的子模塊已添加和初始化, 但未提交。",
    "Submodule-Status-Deleted": "您已刪除此子模塊, 需要提交改動。",
    "Submodule-Status-Dirty": "此子模塊中存在未提交的改動。",
    "Submodule-Status-DirtyAndOutOfSync": "此子模塊中存在未提交的改動, 並且與{0}不同步。",
    "Submodule-Status-InSync": "此子模塊與您的存儲庫 ({0}) 同步。",
    "Submodule-Status-OutOfSync": "子模塊與{0}不同步。",
    "Submodule-Status-Uninitialized": "您的子模塊目錄尚未初始化。",
    "Submodule-UnableToDiff": "無法比較子模塊差異。",
    "Submodule-Update": "更新{0}",
    "Submodule-InitializeSpecific": "初始化{0}",
    "Submodule-DirInIndex": "索引中的路徑\"{0}\"已作爲目錄存在。",

    "ModifySubmodule-Submit": "編輯此子模塊",

    "UIPreferences": "用戶界面",
    "UIPreferences-Theme": "主題",
    "UIPreferences-ShowToolbarLabels": "顯示工具欄圖標的標籤",
    "UIPreferences-Spellcheck": "啓用拼寫檢查",
    "Theme-Light": "亮",
    "Theme-Dark": "暗",
    "UIPreferences-Language": "語言",
    "UIPreferences-UseAuthorInitialsForAvatars": "顯示作者首字母縮寫，而非頭像",

    "EditorPreferences": "編輯器",
    "EditorPreferences-DefaultFont": "{0} (默認)",
    "EditorPreferences-EOLCharacter": "行尾字符",
    "EditorPreferences-EOLCharacterLF": "LF",
    "EditorPreferences-EOLCharacterCRLF": "CRLF",
    "EditorPreferences-Font": "字體",
    "EditorPreferences-FontSize": "字體大小",
    "EditorPreferences-NoFontsFound": "找不到字體",
    "EditorPreferences-ShowLineNumbers": "顯示行號",
    "EditorPreferences-SyntaxHighlighting": "語法高亮",
    "EditorPreferences-WordWrap": "文字換行",
    "EditorPreferences-TabSize": "製表符寬度",

    "ToolbarLabels-Chipotle": "吃葡萄",
    "ToolbarLabels-Fetch": "獲取",
    "ToolbarButton-DropdownMessage": "選擇單擊此存儲庫的Glo按鈕時要打開的默認面板",
    "ToolbarButton-DropdownFilterPlaceholder": "篩選面板",
    "ToolbarButton-DropdownFilterNoResults": "無結果",

    "ProvideFeedback-SendUsFeedback": "向我們發送反饋",
    "SendUsFeedback": "向我們發送反饋",
    "SendUsFeedback-CantRespondToAllFeedback": "當 GitKraken 團隊閱讀所有反饋時, 我們無法回覆大多數反饋電子郵件。",
    "SendUsFeedback-DefaultSubject": "關於GitKraken({0})的反饋",
    "SendUsFeedback-EmailAddress": "電子郵件地址",
    "SendUsFeedback-EmailUsYourself": "或者, 你可以自己發電子郵件給我們在",
    "SendUsFeedback-Feedback": "反饋",
    "SendUsFeedback-Subject": "主題",
    "ProvideFeedback-GetSupport": "獲得支持",
    "ProvideFeedback-DefaultText": "摘要: \n \n [描述問題的簡短句子] \n\n重現步驟: \n\n 1. [第一步] \n 2. [第二步] \n 3. [等等... ] \n\n預期行爲: [您期望發生什麼] \n\n實際行爲: [實際發生的事情]",
    "GetSupport": "獲得支持",
    "GetSupport-FreeUserUpSell": "由於GitKraken被許多人使用, 使用免費版本的人目前無法通過電子郵件獲得支持。",
    "GetSupport-DefaultSubject": "GitKraken的支持問題({0})",
    "GetSupport-Subject": "標題",
    "GetSupport-SupportQuestion": "獲取支持",

    "PromptDeletedFileConflict-KeepAncestor": "保留原始版本",
    "PromptDeletedFileConflict-KeepModified": "保留改動版本",
    "PromptDeletedFileConflict-KeepNew": "保留新版本",
    "PromptDeletedFileConflict-Message": "{0}已在{1}中改動, 但在{2}中已被刪除",
    "PromptDeletedFileConflict-NoBaseNoPairMessage": "你想離開{0}嗎?",
    "PromptDeletedFileConflict-RemoveFile": "刪除文件",

    "PromptForCreds-EnterCredentialsForProxy": "請輸入{0}的身份驗證信息:",
    "PromptForCreds-InvalidCredentialsForProxy": "{0}的身份驗證信息無效。請重試:",
    "PromptForCreds-EnterSSHPassphrase": "請輸入SSH密鑰密碼:",
    "PromptForCreds-EnterServiceSSHPassphrase": "請輸入{0}的SSH密鑰密碼:",
    "PromptForCreds-IncorrectSSHPassphrase": "SSH密鑰密碼錯誤。請重試:",
    "PromptForCreds-IncorrectServiceSSHPassphrase": "{0}的SSH密鑰密碼錯誤。請重試:",
    "PromptForCreds-PasswordPlaceholder": "密碼",
    "PromptForCreds-PleaseLogIn": "請登錄後繼續:",
    "PromptForCreds-InvalidLogin": "登錄無效。請重試:",
    "PromptForCreds-UsernamePlaceholder": "用戶名",
    "PromptForCreds-EnterUsername": "請輸入{0}的用戶名",
    "PromptForCreds-EnterUsernameInvalid": "用戶名{0}不正確。請重試:",
    "PromptForCreds-RememberMe": "保存驗證信息",

    "PromptForMerge-SaveAncestor": "您尚未選擇A或B, 確定要保存上級文件嗎?",
    "PromptForMerge-SaveMergeWithUnresolvedConflicts": "您有未解決的衝突。您想怎樣繼續?",

    "PromptForPush-LocalIsBehindRemote": "'{0}'落後於'{1}', 請通過拉取來更新您的分支。",
    "PromptForPush-ConfirmForcePush": "強制推送是一種破壞性的行爲且不能撤消。是否確定?",
    "PromptForPush-OAuthInvalid": "您的的OAuth令牌'{0}'被標記無效。是否刷新您的OAuth憑證或在無OAuth的情況下重試?",

    "PromptForTagAnnotation-Message": "消息:",
    "PromptForTagAnnotation-Placeholder": "批註消息",

    "PromptForRemoteDeletionConfirmation": "這是一種破壞性的操作。確定要刪除\"{0}\"嗎?",

    "PromptForDeleteRepo-Delete": "刪除存儲庫",
    "PromptForDeleteRepo-Message": "是否永久刪除存儲庫{0}?",

    "PromptIgnore-Message": "是否忽略'{0}'?",
    "PromptIgnoreMultiple-Message": "忽略{0}個文件?",
    "PromptIgnore-Ignore": "忽略",
    "PromptIgnore-IgnoreAndUntrack": "忽略並停止跟蹤",

    "PromptNewBranchAtRemote-BranchNamePlaceholder": "分支名稱",
    "PromptNewBranchAtRemote-CreateBranch": "在此處創建分支",
    "PromptNewBranchAtRemote-Message": "本地分支'{0}'已存在。",
    "PromptNewBranchAtRemote-ResetLocal": "將本地重置到此處",

    "PromptForNewBranchName-InvalidBranchName": "給定的分支名稱無效",
    "PromptForNewBranchName-Message": "重命名'{0}'爲:",
    "PromptForNewBranchName-Placeholder": "新分支名稱",

    "CommitMessage-RemoteBranchCreated": "分支: 創建{0}",

    "RemoteForm-AddRemote": "添加遠程",
    "RemoteForm-AddRemoteButtonLabel": "添加遠程",
    "RemoteForm-Bitbucket": "Bitbucket.org",
    "RemoteForm-BitbucketServer": "Bitbucket服務器",
    "RemoteForm-ConnectToService": "連接到{0}",
    "RemoteForm-EditManually": "編輯遠程",
    "RemoteForm-EditRemote": "編輯遠程",
    "RemoteForm-GitHub": "GitHub.com",
    "RemoteForm-GitHubEnterprise": "GitHub企業版",
    "RemoteForm-GitLab": "GitLab.com",
    "RemoteForm-GitLabSelfHosted": "GitLab(自建主機)",
    "RemoteForm-NoMatch": "沒有匹配",
    "RemoteForm-PushURL": "推送URL",
    "RemoteForm-PullURL": "拉取URL",
    "RemoteForm-RemoteName": "名稱",
    "RemoteForm-SearchRemotes": "搜索遠程",
    "RemoteForm-SearchService": "搜索{0}",
    "RemoteForm-SelectPlaceholder": "選擇...",
    "RemoteForm-TooManyServiceRemotesWarningNForks":
      "我們正在檢索與此存儲庫關聯的{0}個分叉。從{1}獲取URL可能會更快",
    "RemoteForm-TooManyServiceRemotesWarningManyForks":
      "我們正在檢索與此存儲庫關聯的大量分叉。從{1}獲取URL可能會更快",
    "RemoteForm-Url": "URL",
    "RemoteForm-AzureDevops": "Azure開發運維",

    "MergeConflictsPanel-1ConflictMustBeResolved": "請在繼續之前解決1個衝突",
    "MergeConflictsPanel-NConflictsMustBeResolved": "請在繼續之前解決{0}個衝突",

    "SetUpstreamPrompt-InvalidBranchName": "給定的分支名稱無效",
    "SetUpstreamPrompt-MustSelectRemote": "您必須選擇一個遠程(例如\"origin/<branch>\")",
    "SetUpstreamPrompt-SelectRemoteBranchMessage": "請設置\"{0}\"的遠程分支",

    "ConfirmationMessage-ClonePullRequestHead": "是否要添加\"{0}\"爲遠程並檢出\"{1}\"?",
    "ConfirmationMessage-DeleteConfigLock":
      "無法鎖定.git/config, 因爲鎖已經存在。可能正在使用另一個程序正在改動存儲庫。是否要刪除此存儲庫的配置鎖以便對其進行修改?",
    "ConfirmationMessage-DeleteFile": "這將刪除“{0}”。你確定要繼續嗎？",
    "ConfirmationMessage-DeleteFiles": "刪除已選中的文件。繼續處理?",
    "ConfirmationMessage-DeleteGitFlowRef": "這個分支是Git工作流所必需的。確定要刪除\"{0}\"嗎?",
    "ConfirmationMessage-DeleteRef": "這是一種破壞性的操作。確定要刪除“{0}”嗎?",
    "ConfirmationMessage-Delete1LocalBranchInFolder": "這是一個破壞性操作, 確實要在\"{0}\"中刪除1個本地分支?",
    "ConfirmationMessage-DeleteNLocalBranchesInFolder": "這是一個破壞性操作, 確實要在\"{1}\"中刪除{0}個本地分支?",
    "ConfirmationMessage-DeleteAllRefs": "這是一種破壞性的操作。確定要從此節點或遠程刪除\"{0}\"嗎?",
    "ConfirmationMessage-DeleteStash": "這是一種破壞性的操作。確定要刪除貯藏區\"{0}\"嗎?",
    "ConfirmationMessage-DeleteTagFromRemote": "這是一種破壞性的操作。確定要從\"{1}\"中刪除\"{0}\"嗎?",
    "ConfirmationMessage-DeleteTagFromAllRemotes": "從遠程存儲庫中刪除標籤\"{0}\"?",
    "ConfirmationMessage-UnstageAndRemoveFile": "這將取消暫存並刪除“{0}”。你確定要繼續嗎？",
    "ConfirmationMessage-UnstageAndRemoveFiles": "這將取消暫存並刪除已選中的文件。繼續處理?",
    "ConfirmationMessage-DiscardUnstagedChangesToFile": "這將丟棄對“{0}”的未暫存改動。你確定要繼續嗎？",
    "ConfirmationMessage-DiscardUnstagedChangesToFiles": "這將丟棄已選中文件中未暫存的改動。繼續處理?",
    "ConfirmationMessage-ImmediatelyCommitCherryPick": "是否立即提交摘取的改動?",
    "ConfirmationMessage-ImmediatelyCommitRevert": "是否立即提交還原的改動?",
    "ConfirmationMessage-InitEmptyRepo":
      "需要初始提交才能打開存儲庫“{0}”。你需要GitKraken爲你生成一個提交嗎?",
    "ConfirmationMessage-InitRepo":
      "在'{0}'找不到兼容的存儲庫。是否要在此處創建新存儲庫?",
    "ConfirmationMessage-MergeConflictStashAndCheckout":
      "檢測到合併衝突。要繼續合併, 必須貯藏所有改動並檢出分支{0}。是否立即執行?",
    "ConfirmationMessage-CreateCommitForMerge": "是否立即提交合並的改動?",
    "ConfirmationMessage-RebaseRequiresStashAndCheckout":
      "要開始變基, 您需要貯藏改動並檢出分支\"{0}\"。是否立即執行?",
    "ConfirmationMessage-ResetAll":
      "這將丟棄所有暫存和未緩存的改動, 包括新的未跟蹤文件。確定要放棄所有更改?",
    "ConfirmationMessage-ResetFile":
      "這將丟棄對“{0}”的所有已暫存和未暫存改動。你確定要繼續嗎？",
    "ConfirmationMessage-ResetFiles":
      "這將丟棄已選中文件中所有已暫存和未暫存的更改。是否確定要丟棄所有選定的更改?",
    "ConfirmationMessage-PersistConflictToDisk": "你確定要保存它嗎?",

    "UndoRedo-InformationMissing": "撤消信息丟失-這可能是由於垃圾回收造成的。",
    "UndoRedo-RedoFailed": "重做失敗",
    "UndoRedo-RedoSuccessful": "重做成功",
    "UndoRedo-UndoFailed": "撤消失敗",
    "UndoRedo-UndoSuccessful": "撤消成功",

    "View-AutoUpdate": "選擇安裝程序",
    "View-AutoUpdate-Downloading": "正在下載更新",
    "View-AutoUpdate-Downloaded": "下載已完成",
    "View-AutoUpdate-SomethingWentWrong": "出了點問題",
    "View-KeyBindings": "鍵盤快捷鍵",
    "View-GitHookFailureLog": "鉤子日誌",
    "View-RepositoryManagement": "存儲庫管理",
    "View-ToggleLeftPanel": "切換左側面板",
    "View-ZoomDown": "縮少",
    "View-ZoomReset": "復位",
    "View-ZoomUp": "放大",

    "WelcomeView-Welcome": "歡迎來到GitKraken！",
    "WelcomeView-SupportLink": "觀看介紹視頻:",
    "WelcomeView-SlackLink": "加入GitKraken Slack社區:",
    "WelcomeView-OpenProject": "打開一個項目",
    "WelcomeView-StartLocalProject": "從本地項目開始",
    "WelcomeView-StartHostedProject": "從遠程項目開始:",

    "KeyBindingFilter-Placeholder": "過濾快捷方式({0} + F)",
    "KeyBindingHeader-RepoActions": "存儲庫操作",
    "KeyBindingHeader-Navigation": "導航",
    "KeyBindingHeader-FuzzyFinder": "模糊查找器",
    "KeyBindingHeader-UI": "用戶界面",
    "KeyBinding-or": "或",
    "Keybinding-CloseFileOrRepo": "關閉文件或存儲庫",
    "KeyBinding-Commit": "提交(如果輸入消息)",
    "KeyBinding-CommitWithStage": "暫存所有並提交(如果輸入消息)",
    "KeyBinding-CreateBranch": "創建分支",
    "KeyBinding-SearchCommits": "搜索提交",
    "KeyBinding-Fetch": "獲取所有",
    "KeyBinding-FilterBranches": "篩選左側面板",
    "KeyBinding-OpenFileInExternalDiffOrMergeTool": "使用外部差異/合併工具打開已選中的文件",
    "Keybinding-OpenRepoInTerminal": "在終端中打開存儲庫",
    "KeyBinding-FuzzyFinderHistory": "搜索文件以查看其歷史記錄/追責",
    "Keybinding-FuzzyFinderOpenRepo": "在模糊查找器中打開存儲庫",
    "KeyBinding-SelectFirst": "選擇第一個元素",
    "KeyBinding-SelectLast": "選擇最後一個元素",
    "KeyBinding-SelectNext": "選擇下一個元素",
    "KeyBinding-SelectPrev": "選擇上一個元素",
    "KeyBinding-Stage": "暫存當前文件",
    "KeyBinding-StageAll": "暫存所有文件",
    "KeyBinding-ToggleFuzzyFinder": "切換模糊查找器",
    "KeyBinding-Unstage": "取消暫存當前文件",
    "KeyBinding-UnstageAll": "取消暫存所有文件",

    "Notification-AlreadyUpToDate": "已經是最新的",
    "Notification-AnnotatedSuccessfully": "批註成功",
    "Notification-BranchToBranch": "{0}進{1}",
    "Notification-RefToRemote": "{0}到{1}",
    "Notification-CloningToPath": "克隆到{0}",
    "Notification-CheckoutSuccessful": "檢出成功",
    "Notification-CherrypickSuccessful": "摘取成功",
    "Notification-CreatedSuccessfully": "創建成功",
    "Notification-DeletedBranch": "刪除{0}",
    "Notification-FeedbackSent": "反饋已發送",
    "Notification-SupportSent": "支持已發送",
    "Notification-Merged": "已合併",
    "Notification-MergedSuccessfully": "合併成功",
    "Notification-PulledSuccessfully": "拉取成功",
    "Notification-PushedSuccessfully": "推送成功",
    "Notification-RebaseSuccessful": "變基成功",
    "Notification-RenameSuccessful": "重命名成功",
    "Notification-RepoDeleteSuccessful": "存儲庫刪除成功",
    "Notification-RevertSuccessful": "還原成功",
    "Notification-SubmoduleCreatedSuccessful": "子模塊已創建",
    "Notification-SubmoduleDeletedSuccessful": "子模塊已刪除",
    "Notification-SSHKeyBeingUsed": "密鑰已添加",
    "Notification-ManageSSHKeysButton": "管理{0}的SSH密鑰",
    "NotificationMessage-AlreadyUpToDate": "不需要合併。分支{1}未移動。",
    "NotificationMessage-RefToRef": "{0}到{1}",
    "NotificationMessage-RepoDeleteSuccessful": "存儲庫{0}已刪除成功!",
    "NotificationMessage-RevertWasNoop": "然而, 當前分支已經包含還原了的提交中的所有改動。",
    "NotificationMessage-CherrypickWasNoop": "然而, 當前分支已經包含摘取了的提交中的所有改動。",
    "NotificationMessage-SSHKeyBeingUsed": "GitKraken將使用此密鑰連接到{0}。公鑰已複製到您的剪貼板中, 請確保它已在您的{0}賬戶中註冊。",

    "Trial-StartTrialModalTitle": "開始免費試用GitKraken專業版",
    "Trial-StartTrialModalContent": "開始{0}天GitKraken專業版免費試用，以訪問專業版功能，例如合併衝突編輯器、多配置文件、GitHub企業版、GitLab自建主機、Bitbucket服務器和Azure開發運維。無需信用卡。",
    "Trial-StartTrialModalSubcontent": "瞭解更多關於GitKraken專業版功能的信息, 請訪問",
    "Trial-StartTrialModalConfirmButton": "開始免費試用GitKrake專業版",
    "Trial-StartTrialModalNoThanksButton": "現在不, 謝謝。",
    "Trial-StartTrialModalHideTrialOfferCheckbox": "隱藏\"GitKraken專業版免費試用\"按鈕",
    "Trial-TrialStartedModalContent": "您可以在{0}天內使用GitKraken專業版的功能。例如:",
    "Trial-TrialStartedModalFeature1": "爲工作和私人使用切換多個配置文件",
    "Trial-TrialStartedModalFeature2": "內置強大的合併衝突編輯器",
    "Trial-TrialStartedModalFeature3": "GitHub企業版集成",
    "Trial-TrialStartedModalFeature4": "GitLab社區與企業版集成",
    "Trial-TrialStartedModalFeature5": "Bitbucket服務器集成",
    "Trial-TrialStartedModalFeature6": "Azure開發運維集成",
    "Trial-TrialStartedModalSubcontent": "您可以在試用期間隨時升級到專業版並繼續使用這些功能。",
    "Trial-TrialStartedModalTitle": "GitKraken專業版免費試用已經開始",
    "Trial-TrialEndedModalTitle": "GitKraken專業版免費試用已經結束",
    "Trial-TrialEndedModalSubcontent1": "升級到GitKraken專業版並獲得專業功能和支持",
    "Trial-TrialEndedModalSubcontent2": "如果您正在將GitKraken用於商業用途, 則必須升級到專業版。爲您的整個團隊採購GitKraken可以大大降低價格。",
    "Trial-TrialEndedModalContinueUsingFree": "不, 我要繼續使用免費版。",

    "Error": "錯誤",
    "Error-AddExternalSSHKeyToServiceFailed": "SSH密鑰添加失敗",
    "Error-AnnotateTagFailed": "標籤批註失敗",
    "Error-ApplyingStashError": "應用貯藏區錯誤",
    "Error-CreatingStashError": "創建貯藏區錯誤",
    "Error-BranchNameEmpty": "必須填寫分支名稱",
    "Error-BranchNameMayNotContainSpaces": "分支名稱中不允許有空格",
    "Error-CheckoutFailed": "檢出失敗",
    "Error-CherrypickFailed": "摘取失敗",
    "Error-ConflictDetected": "檢測到衝突",
    "Error-AddSSHKeyToServiceFailed": "SSH密鑰連接失敗",
    "Error-CouldNotWriteToRepo": "該文件無法寫入存儲庫",
    "Error-CreateRepoFailed": "存儲庫創建失敗",
    "Error-CreateRefFailed": "引用創建失敗",
    "Error-CreateRemoteRepoFailed": "存儲庫創建失敗",
    "Error-DeleteFileFailed": "在該路徑刪除文件失敗: {0}。",
    "Error-DeleteFailedWithName": "刪除失敗: {0}",
    "Error-DeleteFailedWithNamesTagForRemote": "刪除失敗: {1}的{0}",
    "Error-Diff3DoesNotExist": "找不到要執行操作的差異",
    "Error-Diff3UpdateFailed": "更新差異失敗",
    "Error-DiscardSelectionFailed": "丟棄所選項失敗",
    "Error-DisconnectOAuthServiceFailed": "服務斷開失敗",
    "Error-RemoveSSHKeyFromServiceFailed": "SSH密鑰斷開失敗",
    "Error-FeedbackSendFailure": "發送反饋失敗",
    "Error-FetchFailedWithName": "獲取'{0}'失敗",
    "Error-FetchAllPullRequestsFailed": "獲取拉取請求失敗",
    "Error-GenerateDiff3Failed": "生成衝突的差異失敗",
    "Error-GenerateSSHKeyAndAddToServiceFailed": "SSH密鑰創建失敗",
    "Error-Generic": "發生錯誤",
    "Error-GitFlowFinishFeatureFailed": "完結功能“{0}”失敗",
    "Error-GitFlowFinishHotfixFailed": "完結熱修復“{0}”失敗",
    "Error-GitFlowFinishReleaseFailed": "完成發佈“{0}”失敗",
    "Error-GitFlowStartFeatureFailed": "啓始功能“{0}”失敗",
    "Error-GitFlowStartHotfixFailed": "啓始熱修復“{0}”失敗",
    "Error-GitFlowStartReleaseFailed": "啓始發佈“{0}”失敗",
    "Error-GitHubNoMorePrivateRepos": "此GitHub帳戶下無可用的私有存儲庫",
    "Error-GitLabMergeRequestsDisabled": "此存儲庫已禁用合併請求",
    "Error-InotifyLimitReached": "通知上限錯誤",
    "Error-KeyAlreadyExistsOnAccount": "此賬戶中已存在密鑰",
    "Error-LoginRedirect": "嘗試檢索用戶數據時遇到重定向 - 請將${0}添加到網絡白名單中",
    "Error-MergeAbortFailed": "中止合併失敗",
    "Error-MergeFailed": "合併失敗",
    "Error-NeedUpgradedPermissions": "需要{0}權限",
    "Error-OpenDiffToolFailed": "打開差異工具失敗",
    "Error-OpenMergeToolFailed": "打開合併工具失敗",
    "Error-OpenRepoInTerminalFailed": "在終端中打開存儲庫失敗",
    "Error-PersistMergeToDisk": "將合併保存到磁盤失敗",
    "Error-PullFailed": "拉取失敗",
    "Error-PushFailed": "推送失敗",
    "Error-PushUpdateReferenceFailed": "推送到{0}失敗: {1}",
    "Error-MissingAzureDevopsContributePermission": "缺少此遠程的“貢獻”權限",
    "Error-MissingAzureDevopsCreateBranchPermission": "缺少此遠程的“創建分支”權限",
    "Error-MissingAzureDevopsForcePushPermission": "缺少此遠程的“強制推送”權限",
    "Error-AzureDevops404GetRepository": "無法找到存儲庫{0}/{1}",
    "Error-AzureDevops404GetProjects": "無法找到項目",
    "Error-BitbucketServerUnauthorized": "Bitbucke服務器：{0}未接受個人訪問令牌",
    "Error-BitbucketServerForbidden": "Bitbucket服務器：請求被拒絕，因爲您或您的令牌權限不足",
    "Error-BitbucketServerUnknownErrorForResource": "Bitbucket服務器：收到{0}的{1}錯誤。來自服務器的響應: {2}",
    "Error-BitbucketServerGeneric": "Bitbucket服務器：{0}",
    "Error-RemoteRefusedToDelete": "推送到{0}失敗: 無法刪除遠程分支",
    "Error-PullRequestFailed": "拉取請求創建失敗",
    "Error-PushFailedWithName": "推送失敗: {0}",
    "Error-RebaseFailed": "變基失敗",
    "Error-RebaseAutoUnstashFailed": "彈出自動貯藏區失敗",
    "Error-RebaseFailedFromFileLock": "無法修改文件。可能是由於文件權限限制或正在被其他進程佔用。解鎖文件, 中止變基, 然後重試。",
    "Error-RebaseAbortFailed": "中止變基失敗",
    "Error-RebaseAbortFailedFromFileLock": "變基無法中止。可能是由於文件權限限制或正在被其他進程佔用。",
    "Error-RenameFailed": "重命名失敗",
    "Error-RenameNeedsLocalBranch": "必須檢出一個本地分支!",
    "Error-RemoveFailed": "文件刪除失敗",
    "Error-ResetFailed": "重置失敗",
    "Error-RepoAlreadyExists": "存儲庫已存在",
    "Error-RepoAlreadyExistsOnAccount": "存儲庫已存在於該賬戶",
    "Error-RepoDeleteFailed": "存儲庫刪除失敗",
    "Error-RevertFailed": "還原失敗",
    "Error-SendFeedbackFailure": "無法發送反饋！請稍後再試。",
    "Error-StageFilemodeFailed": "暫存文件模式失敗",
    "Error-StagePathsFailed": "暫存路徑失敗",
    "Error-StageSelectionFailed": "暫存所選路徑失敗",
    "Error-UnableToMergeInApp": "文件需要外部合併工具來解決",
    "Error-UnstageFilemodeFailed": "取消暫存文件模式改動失敗",
    "Error-UnstagePathsFailed": "取消暫存路徑失敗",
    "Error-UnstageSelectionFailed": "取消暫存所選項失敗",
    "Error-UpdateContentFailed": "更新文件內容失敗",
    "Error-UpdateDiffFailed": "更新差異失敗",
    "Error-UpdateHunkFailed": "更新區塊失敗",
    "Error-UnkownFetchErrorForResource": "嘗試獲取{0}時出現未知錯誤",
    "ErrorFallback-ConfirmationMessage": "您的錯誤報告已提交。謝謝！",
    "ErrorFallback-Message": "GitKraken遇到了一個致命錯誤。如果您啓用了錯誤報告，則會報告此問題。如果沒有，請考慮發送報告。",
    "ErrorFallback-ReportError": "報告錯誤",
    "ErrorFallback-RestartLabel": "重新啓動",
    "ErrorFallback-QuitLabel": "退出",
    "ErrorMessage-BranchNameConflictsWithDirectory": "無法創建引用\"{0}\"，因爲它的名稱與現有的引用衝突",
    "ErrorMessage-CannotApplyStashWhenFilesAreStaged": "有任何暫存時都不能應用貯藏。請先貯藏、提交或取消暫存。",
    "ErrorMessage-CannotDeleteCheckedOutBranch": "無法刪除當前檢出了的分支。請先切換分支。",
    "ErrorMessage-1ConflictPreventsCheckout": "1個衝突阻止了檢出。\n請先提交, 貯藏或丟棄改動。",
    "ErrorMessage-NConflictsPreventCheckout": "{0}個衝突阻止了檢出。\n請先提交, 貯藏或丟棄改動。",
    "ErrorMessage-ConflictsPreventStashApplication": "{0}個衝突阻止了應用貯藏區。",
    "ErrorMessage-DiscardSelectionFailedWithReason": "無法丟棄{0}的選中項, 原因如下: {1}",
    "ErrorMessage-InotifyLimitReached": "此存儲庫禁用了文件監視。請增加您的通知限制並重新打開此存儲庫。",
    "ErrorMessage-InvalidSshKey": "配置的SSH密鑰無效。請確認它是否與您的Git服務匹配。",
    "ErrorMessage-SshKeyNotFound": "未找到SSH密鑰。請在“首選項->認證”中配置一個。",
    "ErrorMessage-SshKeyNotSupported": "配置的SSH密鑰的格式無效。請確保您的密鑰有效並且是RSA類型密鑰。",
    "ErrorMessage-MergeConflicts": "有合併衝突需要解決",
    "ErrorMessage-CannotOpenFileCompareToolForMultiSelectedFiles": "當前在提交面板中已選中多個文件",
    "ErrorMessage-CannotOpenFileCompareToolWithoutActiveFile": "沒有任何在提交面板已選中或合併解決方案面板中打開的文件",
    "ErrorMessage-CannotOpenFileCompareToolForMergedDiffs": "當前在關係圖中已選中兩個以上的提交",
    "ErrorMessage-DiffToolNotFound": "未找到配置的差異工具",
    "ErrorMessage-MergeToolNotFound": "未找到配置的合併工具",
    "ErrorMessage-FailedToLaunchDiffTool": "未找到在git config中設置的差異工具\"{0}\"。",
    "ErrorMessage-FailedToLaunchMergeTool": "未找到在git config中設置的合併工具\"{0}\"。",
    "ErrorMessage-NeedUpgradedPermissions": "GitKraken與{0}有更好的集成, 需要更多的權限才能繼續。",
    "ErrorMessage-NeedUpgradedPermissionsButton": "提升權限",
    "ErrorMessage-NoAncestorAvailableToWriteToDisk": "無法將無上級或未解決的衝突保存到磁盤",
    "ErrorMessage-NoDiffToolSet": "在您的設置中沒有配置差異工具",
    "ErrorMessage-NoMergeToolSet": "在您的設置中沒有配置合併工具",
    "ErrorMessage-PullRequestRemoteNotFoundWithNameAndHostingService": "無法獲取{1}上的'{0}'拉取請求。請仔細檢查您的遠程URL，並確保您有權限訪問該存儲庫。",
    "ErrorMessage-PushRefToRefFailed": "將{0}推送到{1}失敗",
    "ErrorMessage-RebaseConflicts": "有變基衝突需要解決",
    "ErrorMessage-RemoteAccessDenied": "訪問被拒絕。請確保您有權限在遠程執行該操作, 然後重試。",
    "ErrorMessage-RemoteAccessDeniedOrgWarning": "如果{0}是{1}上的組織, 你可能可能需要爲GitKraken**請求或授予訪問權限**。",
    "ErrorMessage-RemoteNotFoundWithName": "無法連接到'{0}'。請仔細檢查您的遠程URL，並確保您有權限在遠程執行該操作，然後重試。",
    "ErrorMessage-RemoteRefBehindRemote": "您的遠程分支已過期。請在推送前拉取{0}。",
    "ErrorMessage-RenameRefToRefFailed": "無法將{0}重命名爲'{1}'",
    "ErrorMessage-RenameTargetAlreadyExists": "'{0}'已經存在!",
    "ErrorMessage-RepoDeleteFailed": "無法刪除存儲庫{0}!",
    "ErrorMessage-ResetFailedWithReason": "無法重置, 原因如下: {0}",
    "ErrorMessage-WindowsShPathNotFound": "這個存儲庫有Git鉤子。在Windows上使用Git鉤子需要sh.exe, 但GitKraken找不到它。",
    "ErrorMessage-StageFilemodeFailedWithReason": "無法暫存{0}的文件模式, 原因如下: {1}",
    "ErrorMessage-StagePathsFailedWithReason": "無法暫存路徑, 原因如下: {0}",
    "ErrorMessage-StageSelectionFailedWithReason": "無法暫存{0}的選擇項, 原因如下: {1}",
    "ErrorMessage-TerminalCommandNotConfigured": "設置中沒有配置終端。是否立即配置終端?",
    "ErrorMessage-UnableToMergeInApp": "文件衝突同時包含文本和二進制部分。使用外部工具來處理此合併。",
    "ErrorMessage-UnrecognizedAllowedTypes": "無法識別此格式: {0}",
    "ErrorMessage-UnstageFilemodeFailedWithReason": "無法取消暫存{0}的文件模式, 原因如下: {1}",
    "ErrorMessage-UnstagePathsFailedWithReason": "無法取消暫存路徑, 原因如下: {0}",
    "ErrorMessage-UnstageSelectionFailedWithReason": "無法取消暫存{0}的選定項, 原因如下: {1}",
    "ErrorMessage-UpdateDiffFailedWithReason": "無法更新差異, 原因如下: {0}",
    "ErrorMessage-UpdateHunkFailedWithReason": "無法更新{0}的區塊, 原因如下: {1}",
    "ErrorMessage-UpstreamNotInFetchData": "{1}上不存在{0}",

    "Plugin-FullviewLoadFailed": "插件打開失敗",

    "FileSavePrompt-Detail": "任何未保存的改動都將被丟棄。",
    "FileSavePrompt-Message": "是否保存對{0}所做的改動?",

    "CheckoutError-CloseDetailPanel": "如果要檢出, 請保存改動並重試。",
    "MergeError-CloseDetailPanel": "如果要合併, 請保存改動並重試。",
    "RebaseError-CloseDetailPanel": "如果要變基, 請保存改動並重試。",
    "RebaseAbortError-CloseDetailPanel": "要中止變基, 請保存更改並重試。",
    "RebaseContinueError-CloseDetailPanel": "要繼續變基, 請保存改動並重試。",
    "CloseRepoError-CloseDetailPanel": "要關閉存儲庫, 請保存改動並重試。",
    "OpenRepoError-CloseDetailPanel": "要打開另一個存儲庫, 請保存改動並重試。",
    "DropStashError-CloseDetailPanel": "要刪除貯藏區, 請保存改動並重試。",
    "CreateStashError-CloseDetailPanel": "如果要貯藏, 請保存改動並重試。",
    "ApplyStashError-CloseDetailPanel": "要應用貯藏區，請保存您改動並重試。",
    "TryUndoError-CloseDetailPanel": "如果要重做, 請保存改動並重試。",
    "TryRedoError-CloseDetailPanel": "如果要撤銷, 請保存改動並重試。",
    "Error-CloseDetailPanel": "請保存您的改動, 然後重試。",

    "Editor-OverwriteContentsOnDiskQuestion": "文件已在GitKraken之外修改。是否覆蓋該文件?",
    "Editor-OverwriteContentsOnDiskOrDiscardQuestion": "文件已在GitKraken之外修改。要放棄改動, 還是覆蓋文件?",
    "Editor-OverwriteContentsOnDisk": "保存並覆蓋",
    "Editor-DiscardChanges": "丟棄這些改動",

    "SaveAndStageEditorChanges-Message": "您是否要在暫存之前保存改動, 或者只暫存已保存到磁盤的部分?",
    "SaveAndStageEditorChanges-SaveAndStage": "保存並暫存",
    "SaveAndStageEditorChanges-StageSavedChangesOnly": "僅暫存已保存的改動"
  }
}
