{
  "languageOption": {
    "label": "English (US)",
    "value": "en-us"
  },
  "menuStrings": {
    "ProductName": "<%= productName %>",
    "AboutProduct": "<%= productName %>について",
    "VersionNumber": "バージョン <%= version %> (<%= bitness %>-bit)",
    "ViewReleaseNotes": "リリースノートを見る",

    "CheckingForUpdates": "アップデートをチェックしています...",
    "RestartAndInstallUpdate": "アップデートをインストールして再起動",
    "CheckForUpdateWithLastCheckedTime": "アップデートをチェック <%= updateLastCheckedTime %>",
    "UpdateAvailableWithVersion": "アップデートがあります (<%= updateAvailableVersion %>)",
    "UpdateAvailableDownloadDeb": ".debファイルをダウンロード",
    "UpdateAvailableDownloadTargz": ".tar.gzファイルをダウンロード",
    "UpdateDownloadedShowFile": "アップデートをダウンロードしました (ファイルを見る)",
    "UpdateErroredAtTime": "アップデートエラー <%= updateErrorTime %>",
    "DownloadingUpdate": "アップデートをダウンロードしています...",
    "DownloadUpdate" : "アップデートをダウンロードしました",

    "Preferences": "設定...",
    "&Preferences": "設定(&P)...",
    "Services": "サービス",
    "Hide": "GitKrakenを隠す",
    "HideOthers": "他を隠す",
    "ShowAll": "すべて表示",
    "Quit": "GitKrakenを閉じる",
    "E&xit": "終了(&x)",

    "File": "ファイル",
    "&File": "ファイル(&F)",
    "CloneRepo": "リポジトリをClone",
    "Clo&neRepo": "リポジトリをClone(&n)",
    "InitRepo": "リポジトリを作成",
    "&InitRepo": "リポジトリを作成(&I)",
    "OpenRepo": "リポジトリを開く",
    "&OpenRepo": "リポジトリを開く(&O)",
    "Open&Terminal": "ターミナルで開く(&T)",
    "OpenTerminal": "ターミナルで開く",
    "OpenInFileManager": "ファイラで開く",

    "Edit": "編集",
    "&Edit": "編集(&E)",
    "Undo": "取り消す",
    "&Undo": "取り消す(&U)",
    "Redo": "やり直す",
    "&Redo": "やり直す(&R)",
    "Cut": "カット",
    "&Cut": "カット(&C)",
    "Copy": "コピー",
    "C&opy": "コピー(&o)",
    "Paste": "ペースト",
    "&Paste": "ペースト(&P)",
    "SelectAll": "すべてを選択",
    "Select&All": "すべてを選択(&A)",

    "View": "表示",
    "&View": "表示(&V)",
    "Reload": "再読み込み",
    "&Reload": "再読み込み(&R)",
    "ToggleFullScreen": "フルスクリーンを切り替える",
    "Toggle&FullScreen": "フルスクリーンを切り替える(&F)",
    "Developer": "Developer",
    "RunTests": "Run Tests...",
    "RunSystemTests": "Run System Tests...",
    "RunTestsWithCoverage": "Run Tests with Coverage...",
    "ToggleDeveloperTools": "Toggle Developer Tools",
    "ToggleDeveloper&Tools": "Toggle Developer &Tools",
    "ToggleProStatus": "Toggle Pro Status",
    "ToggleReactPerfRecording": "Start/Stop React Perf Recording",

    "Window": "ウィンドウ",
    "Minimize": "最小化",
    "Zoom": "拡大／縮小",

    "Help": "ヘルプ",
    "&Help": "ヘルプ(&H)",
    "SendUsFeedback": "フィードバックを送る",
    "GetSupport": "サポートを受ける",
    "FollowUsOnTwitter": "Twitterをフォローする"
  },
  "strings": {
    "About-BuiltBy": "GitKraken is built by Axosoft in sunny Scottsdale, AZ",
    "About-OpenSource": "It uses some fine open source projects:",
    "About-Libgit2License": "GitKraken uses the libgit2 library via NodeGit under the GNU public license with a linking exception",
    "About-TermsOfService": "Terms of Service",
    "About-OpenSourceLicenses": "Dependent Open Source Licenses",
    "About-AllRightsReserved": "All rights reserved",

    "Bytes": "bytes",

    "By": "{0} by ",

    "Repo-Delete": "リポジトリを削除",
    "Repo-ClearFromRecentRepositories": "最近開いたリポジトリから {0} をクリア",
    "Repo-Open": "リポジトリを開く",
    "Repo-OpenInFileManager": "ファイラで開く",
    "Repo-OpenInTerminal": "ターミナルで開く",

    "Registration-ChangeEmail": "異なるアカウントでサインイン",
    "Registration-CheckStatus": "ステータスをチェック",
    "Registration-CommercialUse": "GitKrakenライセンス",
    "Registration-CommercialUseText": "GitKrakenは無料で非商用利用できます。商用利用にはGitKraken Proが必要です。",
    "Registration-PrivateRepoDetected": "This appears to be a private repository",
    "Registration-CreateAccount": "GitKrakenのアカウントを作成する",
    "Registration-CreateAccountRetry": "アカウントの作成をリトライしています",
    "Registration-CreatingAccount": "アカウントを作成しています...",
    "Registration-DontWantAccount": "今はアカウントを作成しない",
    "Registration-EmailDefault": "(デフォルトはgit configのuser.emailです)",
    "Registration-EmailAddress": "メールアドレス",
    "Registration-EnterEmailAddress": "メールアドレスを入力してください",
    "Registration-EnterName": "名前を入力してください",
    "Registration-EnterpriseLoginFailedDueToNoLicense": "あなたのアカウントはGitKraken Enterprise licenseとしてアクティベートされていません",
    "Registration-ForgotPassword": "パスワードを忘れました",
    "Registration-GoBackToEnterpriseConfiguration": "Enterprise serverのURLを変更する",
    "Registration-GoingUnregistered": "アカウントを作成またはサインインする前にGitKrakenを{0}日間利用できます。",
    "Registration-LdapUsername": "ユーザ名",
    "Registration-Name": "名前",
    "Registration-NameAndEmailDefault": "(デフォルトはgit configのuser.emailとuser.nameです)",
    "Registration-ServerConnectionError": "サーバに接続できません。",
    "Registration-SignInWithGitHub": "GitHubでサインイン",
    "Registration-SuccessfullyRegistered": "メールアドレスが認証されました!",
    "Registration-HaveNotRegistered": "メールアドレスがまだ認証されていません",
    "Registration-iHaveReadAndAgreeToThe": "許諾を読み同意しました: ",
    "Registration-iAgree": "同意します",
    "Registration-Password": "パスワード",
    "Registration-ConfirmPassword": "パスワードの確認",
    "Registration-Register": "登録",
    "Registration-ResendEmail": "再送信する",
    "Registration-ResendingEmail": "送信しています...",
    "Registration-ShowMoreOptions": "さらにオプションを表示",
    "Registration-Success": "{0} にメールを送信しました。GitKrakenを使い続けるには{1}日以内にメールアドレスの認証が必要です。",
    "Registration-Failed": "サーバに接続できません",
    "Registration-FailedExtra": "しばらく経ってからやり直してください。",
    "Registration-FailedExtraDaysLeft": "GitKrakenを使い続けるには{0}日以内にやり直してください。",
    "Registration-EULA": "ソフトウェア利用許諾契約",
    "Registration-EULAAbbreviated": "EULA",
    "Registration-EULAUpdateTitle": "ソフトウェア利用許諾契約の更新",
    "Registration-EULAFirstTimeMessage": "もうすぐです! あとはEULAの同意が必要です。",
    "Registration-EULAUpdateMessage": "ソフトウェア利用許諾契約が更新されました。GitKrakenを使い続けるには最新版の同意が必要です。",
    "Registration-EULALoadFailed": "ソフトウェア利用許諾契約の読み込みに失敗しました",
    "Registration-PasswordIsGood": "とてもいいパスワードです!",
    "Registration-PasswordStrength0": "とても弱い",
    "Registration-PasswordStrength1": "弱い",
    "Registration-PasswordStrength2": "普通",
    "Registration-PasswordStrength3": "強い",
    "Registration-PasswordStrength4": "とても強い",
    "Registration-PasswordStrengthPrefix": "パスワードの強さ: ",
    "Registration-PasswordTooShort": "パスワードは少なくとも{0}文字以上である必要があります。",
    "Registration-UseGitKraken": "GitKrakenを使う",
    "Registration-ValidateConfirmPassword": "パスワードが一致しません。",
    "Registration-ValidateField": "必須項目です。",
    "Registration-ValidateEmail": "正しいメールアドレスを入力してください。",
    "Registration-ValidateEULA": "EULAに同意してください",
    "Registration-VerifyEmailTitle": "メールアドレスを認証してください",
    "Registration-VerifyEmailBody": "{0} の認証が完了していません。GitKrakenを使い続けるにはこのメールアドレスに送信されたメールのリンクから認証を行ってください。",
    "Registration-CantFindEmail": "メールが見つかりませんか?",
    "Registration-IncorrectEmail": "アカウントが異なりますか?",
    "Registration-XDaysToActivate": "{0}日アクティベート",
    "Registration-1DayToActivate": "1日アクティベート",
    "Registration-Login": "サインイン",
    "Registration-LoggingIn": "サインインしています...",
    "Registration-CreateAccountTitle": "アカウントを作成",
    "Registration-LoginTitle": "GitKrakenへようこそ",
    "Registration-SignInWithExistingGKAccount": "またはGitKrakenアカウントでサインイン",
    "Registration-GoToCreate": "作成",
    "Registration-GoToLoginLeadin": "アカウントを持っていますか? ",
    "Registration-GoToLogin": "サインイン",

    "EnterpriseConfiguration-Title": "GitKraken Enterpriseの設定",
    "EnterpriseConfiguration-EnterHostname": "GitKrakenのダウンロードページにあるURLを貼りつけてください:",
    "EnterpriseConfiguration-CouldNotConnect": "サーバに接続できません。",
    "EnterpriseConfiguration-CouldNotParseURL": "URLが正しくありません。",

    "EnterpriseExpirationWarning-NDays": "ライセンスがあと{0}日で切れます",
    "EnterpriseExpirationWarning-Tomorrow": "ライセンスがあと1日で切れます!",
    "EnterpriseExpirationWarning-Today": "ライセンスが今日で切れます!",

    "Apply": "適用",
    "Author": "Author",
    "Branch": "Branch",
    "Close": "閉じる",
    "Commit": "Commit",
    "Create": "作成",
    "AuthoredLabel": "authored",
    "CoauthorsLabel": "Co-authors:",
    "CommitLabel": "commit:",
    "ParentLabel": "parent:",
    "CheckingOutBranch": "Branchをcheckout中",
    "ConnectingWithEllipsis": "接続しています...",
    "DateAuthored": "Author Date",
    "DiscardAllChanges": "すべての変更を取り消す",
    "Filter": "フィルタ",
    "GeneratingWithEllipsis": "作成しています...",
    "LoadingDiffWithEllipsis": "Diffを読み込み中...",
    "LoadingWithEllipsis": "読み込み中...",
    "Local": "Local",
    "Optional": "(任意)",
    "Parent": "Parent",
    "Parents": "Parents",
    "Pop": "Pop",
    "ParentRepo": "Parentリポジトリ",
    "Pull": "Pull",
    "Push": "Push",
    "Redo": "やり直す",
    "Repo": "リポジトリ",
    "Save": "保存",
    "ShowAll": "すべて表示",
    "SoloBranch": "このbranchをソロモードに",
    "UnsoloAll": "ソロモードを終了",
    "SuccessWithBang": "成功しました!",
    "Stage": "Stage",
    "Staged": "Staged",
    "Stash": "Stash",
    "Tag": "Tag",
    "Undo": "取り消す",
    "Uninitialized": "未初期化",
    "Unstage": "Unstage",
    "Unstaged": "Unstaged",
    "UpstreamBranch": "Upstream branch",
    "ViewAllRepositories": "すべてのリポジトリを表示",
    "WorkInProgressAbbr": "WIP",
    "WorkInProgressOnBranchAbbr": "WIP on {0}",
    "Zoom": "拡大／縮小",

    "Pro": "PRO",
    "Free": "FREE",
    "Enterprise": "ENTERPRISE",

    "Stash-ApplyWithUncommittedChangesPrompt": "Commitしていない変更があります。Stashをapplyして変更を上書きしてよろしいですか?",

    "StashMessage-Amend": "\"{0}\"をamendする前にauto stash",
    "StashMessage-Checkout": "\"{0}\"をcheckoutする前にauto stash",
    "StashMessage-CherryPick": "\"{0}\"をcherrypickする前にauto stash",
    "StashMessage-Merge": "\"{0}\"と\"{1}\"をmergeする前にauto stash",
    "StashMessage-Rebase": "\"{0}\"をrebaseする前にauto stash",
    "StashMessage-Revert": "\"{0}\"をrevertする前にauto stash",

    "Ignore": "除外",
    "IgnoreFile": "'{0}'",
    "IgnoreNFiles": "{0}つのファイルを除外",

    "AllFilesWithSameExtension": "拡張子 '{0}' のすべてのファイル",
    "AllFilesInFolder": "'{0}/' のすべてのファイル",
    "IgnoreAllFilesInFolder": "'{0}/' のすべてのファイルを除外",

    "File-Blame": "ファイルのBlame",
    "File-Delete": "ファイルを削除",
    "File-Open": "ファイルを開く",
    "File-OpenWithName": "{0}を開く",
    "File-Reset": "変更を取り消す",
    "File-ShowFolderContents": "フォルダで開く",
    "File-ShowFolderContentsMac": "Finderで開く",
    "File-ShowInFolder": "フォルダで開く",
    "File-ShowInFolderMac": "Finderで開く",
    "File-ShowInFolderMacWithName": "{0}をFinderで開く",
    "File-ShowInFolderWithName": "{0}をフォルダで開く",
    "File-StatusAdded": "ADDED",
    "File-StatusDeleted": "DELETED",
    "File-StatusRenamed": "RENAMED",
    "File-StatusRenamedFrom": "from",
    "File-StatusRenamedTo": "to",
    "File-UnstageAndRemove": "Unstageしてファイルを削除",

    "Folder-MarkConflictedFilesAsResolved": "すべて解決済みにする",
    "Folder-Open": "フォルダを開く",
    "Folder-ResetAll": "フォルダをリセットする",
    "Folder-StageAll": "フォルダをStage",
    "Folder-UnstageAll": "フォルダをUnstage",
    "Folder-DiscardAllChanges": "フォルダのすべての変更を取り消す",

    "FileHistory": "ファイルの履歴",
    "FileHistory-AuthorInfo": "Authored by {0} on {1}",
    "FileHistory-CannotLinkToGraph": "このcommitはグラフ上で見ることができません",
    "FileHistory-DiffView": "Diffビュー",
    "FileHistory-End": "履歴はここまでです",
    "FileHistory-FileView": "ファイルビュー",
    "FileHistory-LinkToGraph": "{0} をグラフで見る",
    "FileHistory-ShowBlame": "blameの詳細を表示",
    "FileHistory-UnknownAuthorName": "Unknown",

    "FuzzyFinder-DefaultPlaceHolder": "コマンドやアクションを検索 (例: Open Repo)",
    "FuzzyFinder-BlamePlaceholder": "誰が何をしたのか確認したいファイルを検索 (例: its blame)",
    "FuzzyFinder-CheckoutPlaceholder": "checkoutするbranchを検索",
    "FuzzyFinder-CreateBranch": "Create Branch",
    "FuzzyFinder-CreateTag": "Create Tag",
    "FuzzyFinder-DevPlaceholder": "Order Chipotle",
    "FuzzyFinder-HistoryPlaceholder": "履歴やblameを見たいファイルを検索",
    "FuzzyFinder-OpenRepoPlaceholder": "開くリポジトリを検索",
    "FuzzyFinder-RenameBranch": "Rename Branch",
    "FuzzyFinder-SearchCommitsPlaceholder": "メッセージ、sha、authorでcommitを検索",
    "FuzzyFinder-SwitchProfilePlaceholder": "プロフィールの切り替え先のユーザを検索",

    "FuzzyFinder-BlameFilePrefix": "Blame",
    "FuzzyFinder-CheckoutRefPrefix": "Checkout",
    "FuzzyFinder-ConfigureGitFlow": "Configure Git Flow",
    "FuzzyFinder-ConfigureLfs": "Configure LFS",
    "FuzzyFinder-StartPullRequest": "Start Pull Request",
    "FuzzyFinder-StartPullRequestKeywords": "New Create Pull Request",
    "FuzzyFinder-DevPrefix": "Dev",
    "FuzzyFinder-DiscardAllKeywords": "reset hard all",
    "FuzzyFinder-FilePrefix": "History",
    "FuzzyFinder-GitFlowPrefix": "Git Flow: ",
    "FuzzyFinder-InitRepoKeywords": "initialize",
    "FuzzyFinder-OpenGitFlowPanel": "Git Flow",
    "FuzzyFinder-OpenFileInExternalCompareTool": "Open in External Diff/Merge Tool",
    "FuzzyFinder-OpenRepoPrefix": "Open Repo",
    "FuzzyFinder-OpenInFileManagerKeywords": "folder explorer finder",
    "FuzzyFinder-OpenInTerminalKeywords": "command line console",
    "FuzzyFinder-RefPrefix": "Branch: ",
    "FuzzyFinder-RepoPrefix": "Repo Management: ",
    "FuzzyFinder-SearchCommits": "Search Commits",
    "FuzzyFinder-Settings": "Settings",
    "FuzzyFinder-SettingsKeywords": "preferences options",
    "FuzzyFinder-StashPrefix": "Stash: ",
    "FuzzyFinder-SwitchProfile": "Switch to Profile",
    "FuzzyFinder-ViewWorkingDirectoryChanges": "View Working Directory Changes",
    "FuzzyFinder-ViewWorkingDirectoryChangesKeywords": "changes wip workdir working",

    "GitHooks-ExitCode": "終了コード: ${code}",
    "GitHook-OpenFailureLogModal": "Hookの出力を表示",
    "GitHooks-HookFailed": "{0} に失敗",
    "GitHook-OpenLogExternally": "外部アプリケーションで開く",
    "GitHook-PermissionDenied": "{0} は実行権限がありません!",
    "GitHook-PrePushDidNotRun": "Pre-push hook は実行できませんでした",
    "GitHook-PrePushDidNotRunReason": "{0} は {1} のため実行できませんでした",
    "GitHook-Output": "output",
    "GitHook-NeedsCredentials": "Git Hookは認証情報を必要としています",

    "System-OperationCancelled": "操作はキャンセルされました",

    "LeftPanel-CheckedOut": "checkoutしています",
    "LeftPanel-ClearFilter": "フィルタをクリア",
    "LeftPanel-Collapse": "パネルをたたむ",
    "LeftPanel-FilterCommits": "フィルタ ({0} + {1} + f)",
    "LeftPanel-Filtering": "フィルタ中",
    "LeftPanel-Expand": "パネルを広げる",
    "LeftPanel-Hide": "グラフから隠す",
    "LeftPanel-Show": "グラフに表示する",
    "LeftPanel-StopSoloing": "このbranchのソロモードをやめる",

    "TextOperation-Cut": "カット",
    "TextOperation-Copy": "コピー",
    "TextOperation-CopyFileContentsToClipboard": "ファイルの内容をクリップボードにコピー",
    "TextOperation-CopySuccess": "コピーしました!",
    "TextOperation-Paste": "ペースト",
    "TextOperation-Delete": "削除",
    "TextOperation-SelectAll": "すべて選択",

    "ResizePanel": "パネルをリサイズ",

    "FastForwardBranchToBranch": "Fast forward (branch {1} <- branch {0})",
    "FileMayStillHaveConflicts": "このファイルにはすでにconflictが存在するおそれがあります",
    "MergedBranchToRef": "Merge ({1} <- branch '{0}')",
    "MergedRemoteBranchToRef": "Merge ({1} <- remote-tracking branch '{0}')",
    "MergedTagToRef": "Merge ({1} <- tag '{0}')",
    "MergedBranchToMaster": "Merge (<- branch '{0}')",
    "MergedRemoteBranchToMaster": "Merge (<- Remote-tracking branch '{0}')",
    "MergedTagToMaster": "Merge (<- Tag '{0}')",
    "MergeConflictMessageSingular": "{0}にmerge中に1つのファイルでconflictが発生しました",
    "MergeConflictMessagePlural": "{1}にmerge中に{0}つのファイルでconflictが発生しました",
    "MergingIntoNamed": "{0}にmerge中",
    "ExternalDiffTool": "外部diffツール",
    "ExternalMergeTool": "外部Mergeツール",
    "OpenInDiffTool": "Diffツールで開く",
    "OpenInMergeTool": "Mergeツールで開く",
    "OpenIn": "{0}で開く",
    "MarkAllResolved": "すべて解決済みにする",
    "MarkNResolved": "{0}つを解決済みにする",
    "MarkAsConflicted": "未解決に戻す",
    "MarkAsResolved": "解決済みにする",
    "MarkNConflicted": "{0}つを解決済みにする",
    "UnsupportedRebaseMessage": "このリポジトリは他のアプリケーションでrebaseを実行中です",

    "ViewAuthenticationSettings": "設定を表示",
    "ViewDiffToolSettings": "Diffツールの設定を表示",
    "ViewMergeToolSettings": "Mergeツールの設定を表示",
    "ViewShPathSettings": "設定を表示",
    "ViewTerminalSettings": "ターミナルの設定を表示",

    "DiscardSelectedLines": "選択中の行の変更を取り消す",
    "DiscardThisHunk": "Hunkを取り消す",
    "DiscardNChanges": "{0}つのファイルの変更を取り消す",
    "RefCreatedMessage": "{0}: {1} created @ {2}",
    "StageAllChanges": "すべての変更をStage",
    "StageNChanges": "{0}つのファイルをStage",
    "StageSelectedLines": "選択中の行をStage",
    "StageThisFile": "ファイルをStage",
    "StageThisChange": "この変更をStage",
    "StageThisHunk": "HunkをStage",
    "StageThisLine": "この行をStage",
    "UnstageAllChanges": "すべての変更をUnstage",
    "UnstageNChanges": "{0}つのファイルをUnstage",
    "UnstageSelectedLines": "選択中の行をUnstage",
    "UnstageThisFile": "ファイルをUnstage",
    "UnstageThisChange": "この変更をUnstage",
    "UnstageThisHunk": "HunkをUnstage",
    "UnstageThisLine": "この行をUnstage",
    "StageFilemodeChange": "ファイルモードの変更をStage",
    "UnstageFilemodeChange": "ファイルモードの変更をUnstage",
    "WindowsFilemodeChangeWarning" : "ファイルモードを変更するとGitKrakenの管理外になります。",
    "WindowsFilemodeChangeWarningConfigEnabled" : "git configでファイルモードの変更を有効にしました! Windowsではworking directoryのファイルはx(実行権)を持つため、ファイルモードの変更が表示されます。",
    "OKButtonLabel": "OK",
    "CancelButtonLabel": "キャンセル",
    "YesButtonLabel": "はい",
    "NoButtonLabel": "いいえ",
    "NotNowButtonLabel": "あとで",
    "ExitButtonLabel": "終了",
    "ExitPreferencesButtonLabel": "設定を終了",
    "PreviousButtonLabel": "戻る",
    "NextButtonLabel": "次へ",
    "BrowseButtonLabel": "表示",
    "SubmitButtonLabel": "送信",
    "SendMessageButtonLabel": "送る",
    "LogInButtonLabel": "ログイン",
    "FinishSetupButtonLabel": "完了",
    "OpenNowButtonLabel": "開く",
    "InitializeButtonLabel": "初期化",
    "DeleteButtonLabel": "削除",
    "DeleteAndCommitLabel": "削除してコミット",
    "DiscardUnstagedChangesButtonLabel": "Unstageの変更を取り消し",
    "UnstageAndRemoveButtonLabel": "Unstage & 削除",
    "ResetAllButtonLabel": "すべて取り消す",
    "ResetFileButtonLabel": "ファイルをリセット",
    "ResetFilesButtonLabel": "ファイルをリセット",
    "SaveAncesor": "Ancestorを保存",
    "SaveFileButtonLabel": "ファイルを保存",
    "ShowPricingButtonLabel": "GitKraken Proの価格を表示",
    "NonCommercialButtonLabel": "GitKrakenを非商用利用する",
    "CommitAndMergeButtonLabel": "Mergeしてcommit",
    "AbortCherrypickButtonLabel": "Cherrypickをやめる",
    "AbortMergeButtonLabel": "Mergeをやめる",
    "StartRebaseButtonLabel": "Rebaseする",
    "ContinueRebaseButtonLabel": "Rebaseを続ける",
    "AbortRebaseButtonLabel": "Rebaseをやめる",
    "CommitRevertLabel": "RevertをCommit",
    "SkipCommitButtonLabel": "Commitをスキップ",
    "CommitButtonLabelStageFiles": "まずはファイルや変更をstageしましょう",
    "CommitButtonLabelAddMessage": "Commitメッセージを入力してください",
    "CommitButtonLabelPlural": "{0}つのファイルの変更をCommit",
    "CommitButtonLabelSingular": "1つのファイルの変更をCommit",
    "ForcePushButtonLabel": "Force Push",
    "ProvideFeedbackButtonLabel": "フィードバック",
    "LinuxUpdateAvailableStatus": "アップデートがあります ({0})",
    "LinuxUpdateDownloadingStatus": "アップデートをダウンロードしています...",
    "LinuxDownloadDebUpdateButtonLabel": ".deb",
    "LinuxDownloadTarGzUpdateButtonLabel": ".tar.gz",
    "RestartGitKrakenAndInstallUpdateButtonLabel": "アップデートの準備ができました (GitKrakenを再起動)",
    "LinuxShowDownloadedUpdateButtonLabel": "アップデートのダウンロードをしました (ファイルを見る)",
    "AmendPreviousCommitButtonLabel": "前のCommitをAmend",
    "AmendPreviousCommitMessageButtonLabel": "メッセージを更新",
    "AmendPreviousCommitMessageTip": "クリックしてcommitメッセージをamendする",
    "CancelAmendPreviousCommitMessageButtonLabel": "Amendをやめる",
    "RefreshTokenLabel": "トークンをリフレッシュ",
    "OptIntoAnalyticsButtonLabel": "GitKrakenに統計情報を送る",
    "OptIntoAnalyticsCancelButtonLabel": "データを送らない",
    "OptIntoBugReportingButtonLabel": "GitKrakenにバグを報告する",
    "OptIntoBugReportingCancelButtonLabel": "データを送らない",
    "RetryWithoutOAuthLabel": "OAuthなしでリトライ",
    "UpgradeToProButtonLabel": "GitKraken Proにアップグレード",
    "UseFreeButtonLabel": "GitKraken Freeを使い続ける",
    "StartTrialButtonLabel": "GitKraken Pro フリートライアル",
    "TrialStatus": "GitKraken Proの試用期間はあと {0} です - 今すぐアップグレードしましょう",
    "RemoveButtonLabel": "削除",

    "Option-None": "<ありません>",
    "Option-UseMergeTool": "<Mergeツールを使う>",

    "GitFlowButtonTooltip": "Git Flow",
    "UndoValidButtonTooltip": "{0} を取り消し",
    "RedoValidButtonTooltip": "{0} をやり直す",
    "UndoCannotButtonTooltip": "取り消しができません",
    "RedoCannotButtonTooltip": "やり直しができません",
    "UndoInvalidButtonTooltip": "{0} を取り消しできません。現在はcommit, checkout, 取り消し操作などのみがサポートされています",
    "RedoInvalidButtonTooltip": "やり直す操作がありません",
    "RefreshButtonTooltip": "再読み込み",
    "SetAsDefaultOptionTooltip": "デフォルトにする",
    "PushButtonTooltip": "Push",
    "PullOptions-FetchAll": "すべてFetch",
    "PullOptions-Merge": "Pull (fast-forwardできる場合)",
    "PullOptions-FastForwardOnly": "Pull (fast-forwardのみ)",
    "PullOptions-NoFastForward": "Pull (fast-forwardしない)",
    "PullOptions-Rebase": "Pull (rebase)",
    "BranchButtonTooltip": "Branch",
    "StashButtonTooltip": "Stash",
    "ApplyStashButtonTooltip": "Stashをapply",
    "PopStashButtonTooltip": "Stashをpop",
    "OrderChipotleButtonTooltip": "Chipotle Thursday",
    "SearchCommitsTooltip": "Commitを検索 ({0} + f)",

    "Rebasing-CommitLabel": "Rebasing commit {0} out of {1}",
    "Rebasing-AutoStashLabel": "commitしていない変更をstash",
    "Rebasing-PoppingAutoStashLabel": "Auto stashされた変更をpop",

    "ReflogAction": "Action with reflog message \"{0}\"",
    "ReflogActionCommit": "\"{0}\"のcommit",
    "ReflogActionCommitAmend": "\"{0}\"のcommitをamend",
    "ReflogActionCheckout": "Checkout from \"{0}\" to \"{1}\"",
    "ReflogActionReset": "\"{0}\"をリセット",
    "ReflogActionSaveOne": "\"{0}\"を取り消す",
    "ReflogActionSaveMany": "\"{0}\" と {1}つのファイルを取り消す",
    "ReflogActionSaveUnknown": "取り消す",
    "ReflogActionDeleteBranchTracking": "tracking\"{1}\"のbranch\"{0}\"を削除",
    "ReflogActionDeleteBranch": "Branch \"{0}\"を削除",
    "ReflogActionRemoveRemote": "Remoteの\"{0}\"を削除",

    "ContextMenu-AmendCommitMessage": "Commitメッセージを編集",
    "ContextMenu-AnnotateTag": "{0} にannotateを追加",
    "ContextMenu-CheckoutBranch": "{0} をcheckout",
    "ContextMenu-CherrypickCommit": "Commitをcherrypick",
    "ContextMenu-CopyBranchName": "クリップボードにbranch名をコピー",
    "ContextMenu-CopyCommitId": "クリップボードにcommit idをコピー",
    "ContextMenu-CopyFilePath": "クリップボードにファイルパスをコピー",
    "ContextMenu-CopyTagName": "クリップボードにtag名をコピー",
    "ContextMenu-CreateBranchHere": "ここからbranchを作成",
    "ContextMenu-CreateTagHere": "ここでtagを作成",
    "ContextMenu-DeleteLocalAndRemoteBranches": "{0} と {1} を削除",
    "ContextMenu-DeleteAll": "\"{0}\"branchをすべて削除 (localとremote)",
    "ContextMenu-DeleteBranch": "{0} を削除",
    "ContextMenu-DeleteProjectGroup": "リストから削除",
    "ContextMenu-DeleteTagXLocally": "{0} をlocalから削除",
    "ContextMenu-DeleteTagFromRemote": "Remoteからtagを削除",
    "ContextMenu-DeleteTagXFromRemoteY": "{1} から {0} を削除",
    "ContextMenu-DeleteTagXFromAllRemotes": "すべてのRemoteから {0} を削除",
    "ContextMenu-EditRemote": "{0} を編集",
    "ContextMenu-FavoriteRepository": "リポジトリをお気に入りに登録",
    "ContextMenu-FetchRemote": "{0} をfetch",
    "ContextMenu-EditProjectGroup": "ラベルを編集",
    "ContextMenu-FastForward": "Fast-forward ({0} <- {1})",
    "ContextMenu-HideAllTags": "Tagをすべて隠す",
    "ContextMenu-MergeBranchIntoBranch": "Merge ({1} <- {0})",
    "ContextMenu-PushAndStartPullRequestToRef": "{0} をpushして {1} にpull requestを作成",
    "ContextMenu-PushAndStartPullRequest": "{0} をpushしてpull requestを作成",
    "ContextMenu-PushTagToRemote": "Tagをremoteにpush",
    "ContextMenu-PushXToEllipses": "{0} をpushするremoteを選択",
    "ContextMenu-PushXToAllRemotes": "{0} をすべてのremoteにpush",
    "ContextMenu-PushXToY": "Push ({0} -> {0})",
    "ContextMenu-RebaseBranchOntoBranch": "Rebase ({1} <- {0})",
    "ContextMenu-RemoveRemote": "{0} を削除",
    "ContextMenu-RenameBranch": "{0} をリネーム",
    "ContextMenu-ResetBranchToThisCommit": "{0} のcommitをReset",
    "ContextMenu-ResetSoftWithHint": "Soft - 変更を残す",
    "ContextMenu-ResetMixedWithHint": "Mixed - indexをリセットしてworking copyを残す",
    "ContextMenu-ResetHardWithHint": "Hard - すべての変更を取り消す",
    "ContextMenu-RevertCommit": "CommitをRevert",
    "ContextMenu-SetUpstream": "Upstreamを設定",
    "ContextMenu-ShowAllTags": "Tagをすべて表示",
    "ContextMenu-StartPullRequestFromY": "{0} からpull requestを作成",
    "ContextMenu-StartPullRequestToX": "{0} にpull requestを作成",
    "ContextMenu-StartPullRequestToXFromY": "{1} から {0} にpull requestを作成",
    "ContextMenu-StashApply": "Stashをapply",
    "ContextMenu-StashDelete": "Stashを削除",
    "ContextMenu-StashPop": "Stashをpop",
    "ContextMenu-SquashXCommits": "{0} commitをSquash",
    "ContextMenu-UnfavoriteRepository": "リポジトリのお気に入りを解除",
    "ContextMenu-ViewServiceRemoteInBrowser": "{0} を {1} で表示",

    "Toolbar-CloseSubmodule": "Submoduleを閉じる",
    
    "BreadCrumbs-FavoritesHeader": "お気に入り",
    "BreadCrumbs-RecentsHeader": "最近開いたリポジトリ",

    "Profile-AddAProfile": "プロフィールを追加",
    "Profile-CancelDelete": "いいえ、プロフィールをそのままにします",
    "Profile-ChangeEmail": "異なるアカウントでサインインする",
    "Profile-ConfirmDeleteHeader": "このプロフィールを削除しますか?",
    "Profile-ConfirmDelete": "はい、削除します",
    "Profile-CopySettingsFromCurrentProfile": "現在のプロフィールから設定をコピー",
    "Profile-DeleteProfile": "削除",
    "Profile-Description": "GitKrakenはプロフィールを利用してアプリケーションの設定とgitの設定を保存します。インストール後に設定したものがデフォルトの設定になります。GitKraken Proではプロフィールを追加して、プロジェクトごとに環境設定などを切り替えることができます。",
    "Profile-EditProfile": "編集",
    "Profile-ManageAccount": "アカウント管理",
    "Profile-MyProfiles": "マイプロフィール",
    "Profile-Preferences": "設定",
    "Profile-ProfileName": "プロフィール名",
    "Profile-RequiresPro": "プロフィールの追加や切り替えにはPro版が必要です。ここからアップグレードできます。",
    "Profile-Unlock": "Proにアップグレードしてプロフィールの切り替えを利用する",
    "Profile-SaveChanges": "変更を保存",
    "Profile-SelectIcon": "アイコンを選択してください",
    "Profile-StartAFreeProTrial": "フリーのProトライアルを始める",
    "Profile-SyncChanges": "プロフィール情報を更新したらgit configの情報も更新する",
    "Profile-SyncChangesSub": "チェックをつけると、GitKrakenは現在のプロフィールの名前とメールアドレスをグローバルのgit configに設定します",
    "Profile-Unregistered": "未登録",
    "Profile-UpgradeToPro": "GitKraken Proにアップグレードする",
    "Profiles": "プロフィール",

    "RefBar-NavigateToBranch": "このbranchの位置に移動",
    "RefBar-GroupGitFlow": "GIT FLOW",
    "RefBar-GroupLocal": "LOCAL",
    "RefBar-GroupRemote": "REMOTE",
    "RefBar-GroupPullRequests": "PULL REQUESTS",
    "RefBar-GroupStashes": "STASHES",
    "RefBar-GroupSubmodules": "SUBMODULES",
    "RefBar-GroupTags": "TAGS",
    "RefBar-NAhead": "{0} ahead",
    "RefBar-NBehind": "{0} behind",
    "RefBar-NavigateToTag": "このtagの位置に移動",
    "RefBar-StatusViewing": "表示",
    "RefBar-StatusSoloing": "ソロ中",
    "RefBar-AddRemote": "remoteを追加",
    "RefBar-OpenGitFlow": "Git Flowを開く",
    "RefBar-AddBranch": "新しいbranchを作成",
    "RefBar-AddSubmodule": "submoduleを追加",
    "RefBar-AddTag": "新しいtagを作成",
    "RefBar-Menu": "Branch操作",

    "Repo-SuccessfullyCreatedRepo": "リポジトリの作成に成功しました",

    "PullRequest-SuccessfullyCreatePullRequest": "Pull requestの作成に成功しました",
    "ViewOnHostingService": "{0}で見る",

    "PullRequestBar-Assignees": "担当者",
    "PullRequestBar-Reviewers": "レビュアー",
    "PullRequestBar-Labels": "ラベル",
    "PullRequestBar-Opened": "Opened: {0}",
    "PullRequestBar-Updated": "Updated: {0}",
    "PullRequestBar-Yesterday": "昨日",
    "PullRequestBar-DaysAgo": "{0}日前",
    "PullRequestBar-HourAgo": "{0}時間前",
    "PullRequestBar-HoursAgo": "{0}時間前",
    "PullRequestBar-MinuteAgo": "{0}分前",
    "PullRequestBar-MinutesAgo": "{0}分前",
    "PullRequestBar-JustNow": "今",
    "PullRequestBar-CreatePullRequest": "Pull Requestを作成",
    "PullRequestBar-Menu": "Pull request操作",
    "PullRequestBar-UnknownPullRequestHead": "プライベートリポジトリ (アクセスできません)",
    "PullRequestBar-ViewPullRequestInBrowser": "{2} でpull request {0}{1} を見る",
    "PullRequestBar-ViewContinuousIntegrationResultInBrowser": "{0}の最新のビルドを見る",
    "PullRequestBar-AddPullRequestRemote": "{0} をremoteに追加",
    "PullRequestBar-AddPullRequestRemoteAndCheckoutPRHead": "{0} をremoteに追加してcheckout",

    "PullRequestPanel-AddAssignee": "担当者を追加...",
    "PullRequestPanel-AddAssignees": "担当者を追加...",
    "PullRequestPanel-AddLabels": "ラベルを追加...",
    "PullRequestPanel-AddReviewers": "レビュアーを追加...",
    "PullRequestPanel-Assignee": "担当者",
    "PullRequestPanel-Assignees": "担当者",
    "PullRequestPanel-Branch": "Branch",
    "PullRequestPanel-Description": "概要",
    "PullRequestPanel-EditOnService": "{0}で編集",
    "PullRequestPanel-FromRepo": "リポジトリ元",
    "PullRequestPanel-Labels": "ラベル",
    "PullRequestPanel-NoAssigneesFound": "担当者が見つかりません",
    "PullRequestPanel-NoLabelsFound": "ラベルが見つかりません",
    "PullRequestPanel-NoReviewersFound": "レビュアーが見つかりません",
    "PullRequestPanel-PullRequestTitle": "Pull request タイトル",
    "PullRequestPanel-PullRequestDescription": "Pull request 内容",
    "PullRequestPanel-Repo": "リポジトリ",
    "PullRequestPanel-Reviewers": "レビュアー",
    "PullRequestPanel-Title": "タイトル",
    "PullRequestPanel-ToRepo": "リポジトリ先",
    "PullRequestPanel-VSTSEditPullRequestWarning": "VSTSで編集するを選択した場合、pull requestのタイトル、概要は送信されません",
    "PullRequestPanel-GitHubEditPullRequestWarning": "GitHubで編集するを選択した場合、pull requestのレビュアーは送信されません",

    "PullRequestTooltip-WantsToMerge": "wants to merge",
    "PullRequestTooltip-Into": "into",
    "PullRequestTooltip-BuildStatus": "ビルドステータス:",
    "PullRequestTooltip-ChecksOK": "{0} / {1} のチェックがOK",
    "ContinuousIntegrationTooltip-SomeChecksFailed": "失敗したチェックがあります",
    "ContinuousIntegrationTooltip-SomeChecksPending": "ペンディング中のチェックがあります",
    "ContinuousIntegrationTooltip-AllChecksPassed": "すべてのチェックが通過しました",

    "RemoteBar-Menu": "Remote操作",

    "ShPath-ConfirmPath": "GitHookを動かすにはShが必要です。Shのパスは {0} でよろしいですか?",

    "StashBar-NavigateToStash": "このstashの位置に移動",
    "StashBar-Menu": "Stash操作",

    "WorkDirMessageInput-WIPPlaceholder": "// WIP",
    "CommitAllChangesShortcutTip": "Shift-Enterですべての変更をCommitします",

    "Timeline-1HourAgo": "1時間前",
    "Timeline-NHoursAgo": "{0}時間前",
    "Timeline-Yesterday": "昨日",
    "Timeline-NDaysAgo": "{0}日前",
    "Timeline-1WeekAgo": "1週間前",
    "Timeline-NWeeksAgo": "{0}週間前",
    "Timeline-1MonthAgo": "1ヶ月前",
    "Timeline-NMonthsAgo": "{0}ヶ月前",
    "Timeline-1YearAgo": "1年前",
    "Timeline-NYearsAgo": "{0}年前",
    "Timeline-ArbitrarilyLongAgo": "Stop scrolling please",

    "RightPanel-MergeConflictsDetected": "Merge conflictsが見つかりました",
    "RightPanel-1ChangeOn": "1つのファイルに変更があります",
    "RightPanel-NChangesOn": "{0}つのファイルに変更があります",
    "RightPanel-NCommitsSelected": "{0}つのcommitが選択されました",
    "RightPanel-PinToBottom": "下にピン留め",
    "RightPanel-PinToRight": "右にピン留め",
    "RightPanel-RebaseConflictsDetected": "Rebase conflictsがみつかりました",
    "RightPanel-UnsupportedRebase": "外部でrebase中です",
    "RightPanel-ViewChange": "変更を表示",
    "RightPanel-ViewChanges": "変更を表示",
    "RightPanel-ViewConflict": "conflictを表示",
    "RightPanel-ViewConflicts": "conflictを表示",
    "RightPanel-View1FileChangeInWorkingDirectory": "working directoryで1つのファイルに変更があります",
    "RightPanel-ViewNFileChangesInWorkingDirectory": "working directoryで{0}つのファイルに変更があります",
    "RightPanel-View1FileConflictInWorkingDirectory": "working directoryで1つのファイルにconflictがあります",
    "RightPanel-ViewNFileConflictsInWorkingDirectory": "working directoryで{0}つのファイルにconflictがあります",
    "RightPanel-ViewAllFiles": "ファイルをすべて表示",

    "StagingPanel-ShowMoreFiles": "Show next {0} ({1} more)",
    "StagingPanel-Amend": "Amend",
    "StagingPanel-UseTemplate": "テンプレートを使う",
    "StagingPanel-IgnoreWhiteSpace": "空白を除く",
    "CommitMessage-CommitMessageLabel": "Commitメッセージ",
    "CommitMessage-SummaryPlaceholder": "タイトル",
    "CommitMessage-DescriptionPlaceholder": "概要",

    "CommitDetailPanel-AndTheWIP": "and the WIP",
    "CommitDetailPanel-DiffBetweenACommitAndTheWIP": "commit と the WIP 間のdiffを表示中",
    "CommitDetailPanel-DiffBetweenCommitsTitle": "{0} commits間のdiffを表示中 ",
    "CommitDetailPanel-DiffBetweenTwoCommits": "2 commits間のdiffを表示中",
    "CommitDetailPanel-MergeConflictTitle": "Merge Conflicts",
    "CommitDetailPanel-MergeTitle": "Merge",
    "CommitDetailPanel-MergeMessage": "merge中 ({1} <- {0})",
    "CommitDetailPanel-UnsupportedRebaseTitle": "外部でRebaseされています",
    "CommitDetailPanel-UnsupportedRebaseMessage": "他のアプリケーションでrebaseを実行している間、GitKrakenの機能は制限されます",
    "UncommittedFileList-StagedFilesTitleSummary": "Stageファイル ({0})",
    "UncommittedFileList-UnstagedFilesTitleSummary": "Unstageファイル ({0})",
    "UncommittedFileList-ConflictedFilesTitleSummary": "Conflictファイル ({0})",
    "UncommittedFileList-UnconflictedFilesTitleSummary": "Resolveファイル ({0})",
    "CommitDiffSection-NFilesAdded": "{0} added",
    "CommitDiffSection-NFilesDeleted": "{0} deleted",
    "CommitDiffSection-NFilesModified": "{0} modified",
    "CommitDiffSection-NFilesRenamed": "{0} renamed",

    "FileViewPanel-FileView": "File View",
    "FileViewPanel-DiffView": "Diff View",

    "FileContentsPanel-Binary": "Binary file",
    "FileContentsPanel-Deleted": "File was deleted.",
    "FileContentsPanel-Tree": "Directory",

    "DiffPanel-EmptyFile": "空のファイルです",

    "DiffHunkPanel-BinaryDiff": "バイナリファイルの変更は表示できません。",
    "DiffHunkPanel-EmptyDiff": "ファイルの変更はありません。",
    "DiffHunkPanel-UncheckIgnoreWhitespace": "空白の変更を表示するには\"空白を除く\"のチェックを外してください。",

    "FileNodeListControls-FullPath": "パス",
    "FileNodeListControls-SortByNameLabel": "名前",
    "FileNodeListControls-TreeView": "ツリー",

    "FileNodeListHeader-CollapseAll": "すべてたたむ",
    "FileNodeListHeader-ExpandAll": "すべて広げる",

    "FileNode-1HiddenSelection": "1つのファイルが選択されました",
    "FileNode-NHiddenSelections": "{0}つのファイルが選択されました",

    "Merge-AutoResolved": "Mergeツールが自動でconflictを解決しました",
    "Merge-A": "A",
    "Merge-B": "B",
    "Merge-BinaryFile": "バイナリファイル",
    "Merge-Commit": "Commit",
    "Merge-ConflictXofY": "conflict {0}/{1}",
    "Merge-DontTake": "この行を削除",
    "Merge-NoAncestorFile": "ancestorファイルがありません",
    "Merge-NoImage": "画像がありません",
    "Merge-Reset": "選択をクリア",
    "Merge-ResetMerge": "Reset",
    "Merge-SaveOutput": "保存",
    "Merge-SaveWithConflicts": "conflict chunksを作成",
    "Merge-TakeAll": "すべて使う",
    "Merge-UntakeAll": "すべて取り消し",
    "Merge-TakeLeft": "Aを使う",
    "Merge-TakeLeftOnly": "Aのみを使う",
    "Merge-TakeLine": "この行を使う",
    "Merge-TakeRight": "Bを使う",
    "Merge-TakeRightOnly": "Bのみを使う",
    "Merge-OneConflict": "(1つのconflict)",
    "Merge-Output": "出力",
    "Merge-ProFeature": "GitKraken Proの機能です",
    "Merge-Unknown": "patchまたはstashを適用",
    "Merge-WithGitKrakenPro": "するにはGitKraken Proが必要です",
    "Merge-EditOutput": "編集したファイルを出力",
    "Merge-ProMergeDescription": "GitKraken Proにアップグレードすれば他のアプリケーションなしで直接編集して簡単にconflictを解決できます。",
    "Merge-XConflicts": "({0}つのconflict)",

    "DiffImage-ShowDiffOverlay": "古い画像にDiffをオーバーレイで表示",
    "DiffImage-ErrorLoadingImage": "画像の読み込みに失敗しました。",
    "DiffImage-OldImage": "古い画像",
    "DiffImage-NewImage": "新しい画像",

    "RefZone-EnterBranchName": "branch名を入力",
    "RefZone-EnterTagName": "tag名を入力",
    "RefZone-LocalRefLabel": "local",
    "RefZone-SubmoduleTagTip": "submodule parent reference",

    "ChangeRepo-CloneRepo": "Clone",
    "ChangeRepo-InitRepo": "作成",
    "ChangeRepo-OpenRepo": "開く",

    "OpenRepo-AddProjectFolder": "プロジェクトフォルダを追加",
    "OpenRepo-AddProjectFolderTooltip": "リポジトリがあるフォルダを追加することで素早く開くことができます",
    "OpenRepo-BrowseForProjectDirectory": "プロジェクトディレクトリを表示",
    "OpenRepo-BrowseForReposButtonLabel": "リポジトリを開く",
    "OpenRepo-BrowseForReposDialogTitle": "開くリポジトリを選択",
    "OpenRepo-Favorites": "お気に入り",
    "OpenRepo-IsOpenIndicator": "(現在開いています)",
    "OpenRepo-NoReposFavorited": "お気に入りに登録しているリポジトリはありません。",
    "OpenRepo-NoReposFound": "リポジトリを見つけられませんでした。",
    "OpenRepo-OpeningRepo": "リポジトリを開いています",
    "OpenRepo-ProjectFoldersSection": "プロジェクトグループ",
    "OpenRepo-RecentlyOpened": "最近開いたリポジトリ",
    "OpenRepo-SearchingForRepos": "リポジトリを探しています",

    "CloneRepo-ArchivedRepoSuffix": "(Archived)",
    "CloneRepo-CloneARepo": "リポジトリをclone",
    "CloneRepo-CloneDestinationPath": "Cloneする場所",
    "CloneRepo-ClonedRepoName": "フルパス",
    "CloneRepo-CloneRepoButtonLabel": "リポジトリをclone!",
    "CloneRepo-RepoToCloneViaService": "Cloneするリポジトリ",
    "CloneRepo-RepoToCloneUrl": "URL",
    "CloneRepo-CloneSuccess": "リポジトリ'{0}'のcloneに成功しました",
    "CloneRepo-CloneFailed": "Cloneに失敗しました",
    "CloneRepo-CloneRepoTarget": "Cloneする場所",
    "CloneRepo-CloneViaUrl": "URLでclone",

    "InitRepo-CreateRepoButtonLabel": "リポジトリを作成",
    "InitRepo-CreateRepoAndCloneButtonLabel": "リポジトリを作成してClone",
    "InitRepo-CreateRepoTarget": "リポジトリを作成する場所",
    "InitRepo-GitIgnoreTemplate": ".gitignoreのテンプレート (任意)",
    "InitRepo-GitIgnoreTypeaheadPlaceholder": "入力してテンプレートを検索",
    "InitRepo-InitLocally": "Localのみ",
    "InitRepo-InitARepo": "リポジトリを作成",
    "InitRepo-License": "ライセンス (任意)",
    "InitRepo-HostingServiceAccountLabel": "アカウント",
    "InitRepo-HostingServiceProjectLabel": "プロジェクト",
    "InitRepo-HostingServiceRepoNameLabel": "名前",
    "InitRepo-HostingServiceRepoDescriptionLabel": "内容",
    "InitRepo-HostingServiceAccessLabel": "アクセス",
    "InitRepo-HostingServiceCloneAfterInitLabel": "Clone後初期化",
    "InitRepo-NewRepoPath": "新しいリポジトリのパス",
    "InitRepo-PublicAccess": "Public",
    "InitRepo-PrivateAccess": "Private",

    "FileHistory-NothingFound": "{0} ({1}) まで表示しました",
    "FileHistory-ContinueLooking": "もっと",

    "GeneralPreferences": "一般",
    "GeneralPreferences-AutoFetchInterval": "Auto-Fetchの間隔",
    "GeneralPreferences-AutoFetchIntervalHelp": "0から60分の間で設定できます(0にするとAuto-FetchがOffになります)。\nFetchは表示中のremoteに対して行われます。",
    "GeneralPreferences-AutoFetchIntervalWarning": "remoteが多いとパフォーマンスに影響します。",
    "GeneralPreferences-AutoFetchIntervalWarningWithLfs": "remoteが多いとパフォーマンスに影響します。LFSのオブジェクトは自動でfetchされません。",
    "GeneralPreferences-AutoPrune": "Auto-Prune",
    "GeneralPreferences-CustomTerminalCmd": "カスタムターミナルコマンド",
    "GeneralPreferences-CustomTerminalCmdHelp": "コマンドは新しいターミナルが開いたときに実行されます。\n%d を使うとリポジトリのパスで置換されます。",
    "GeneralPreferences-DefaultTerminal": "デフォルトターミナル",
    "GeneralPreferences-DeleteOrigAfterMerge": "Merge後に \".orig\" ファイルを削除",
    "GeneralPreferences-DiffTool": "Diff Tool",
    "GeneralPreferences-UseSameDiffTool": "Use Merge Tool as Diff Tool",
    "GeneralPreferences-UseSameDiffToolHelp": "Use the configured merge tool for displaying diffs",
    "GeneralPreferences-MergeTool": "Mergeツール",
    "GeneralPreferences-MergeToolHelp": "(任意) Mergeツールを設定する",
    "GeneralPreferences-GitConfigDefault": "Gitコンフィグのデフォルト",
    "GeneralPreferences-OptIntoAnalytics": "AxosoftにGitKrakenの利用データを送信する",
    "GeneralPreferences-OptIntoBugReporting": "AxosoftにGitKrakenのクラッシュデータを送信する",
    "GeneralPreferences-OptIntoAnalyticsHelp": "(任意) Gitkrakenをよりよくするため、利用情報やクラッシュレポートをAxosoftに送信する",
    "GeneralPreferences-WindowsShPathLocation": "sh.exeのパス",
    "GeneralPreferences-WindowsShPathLocationHelp": "sh.exeのパスが必要なのはgit hooksを利用している場合のみです。\nsh.exeは「Git for Windows」にバンドルされていて、\nProgram Files\\Git\\binなどにあります。\n存在しない場合は「Git for Windows」のインストールが必要です。",
    "GeneralPreferences-UseCustomTerminalCmd": "カスタムターミナルコマンドを使う",

    "RepoSpecificPreferences": "リポジトリごとの設定",

    "GitConfig": "Gitコンフィグ",
    "GitConfig-Email": "メール",
    "GitConfig-Name": "名前",
    "GitConfig-AutoCRLF": "AutoCRLF",

    "Authentication": "認証",
    "SSHKey": "SSHキー",
    "SSHConfig": "SSHコンフィグ",
    "SSHConfig-GenerateNewKey": "新しい秘密鍵/公開鍵を作成",
    "SSHConfig-GenerateNewKeyButtonLabel": "作成",
    "SSHConfig-GenerateNewKeyHelp": "新しく作成したキーはGitKrakenに設定されます",
    "SSHConfig-UseLocalSSHAgent": "ローカルのSSHエージェントを使う",
    "SSHConfig-SSHPrivateKey": "SSH秘密鍵",
    "SSHConfig-SSHPublicKey": "SSH公開鍵",
    "SSHConfig-SSHKeySaveLocation": "SSHキーを保存する場所",
    "Authentication-ForgetAllCredentials": "ユーザ名/パスワードをすべて削除",
    "Authentication-ForgetAll": "すべて削除",
    "Authentication-NoCredentialsToRemove": "削除された機密情報はGitKrakenからも完全に削除されます",

    "Service": "サービス",
    "Services": "サービス",
    "Services-AddAndCopy": "SSHキーを追加してクリップボードにコピー",
    "Services-AddedDate": "{0}に追加",
    "Services-AddExistingSSHKey": "作成済みのSSHキーを追加",
    "Services-AddToService": "{0}を追加",
    "Services-BrowseForPublicSSHKey": "公開鍵を表示",
    "Services-BrowseForPrivateSSHKey": "秘密鍵を表示",
    "Services-CannotDisconnectLoginService": "{0}はGitKrakenにサインインするために利用しているので連携解除ができません",
    "Services-ClearSSHKey": "使用をやめる",
    "Services-ComingSoon": "Coming Soon",
    "Services-Connect": "連携する",
    "Services-Connected": "連携済み",
    "Services-ConnectedWithService": "{0}と連携済みです",
    "Services-CopySSHPublicKeyToClipboard": "公開鍵をクリップボードにコピー",
    "Services-CopySSHPublicKeyAndOpenWebsite": "公開鍵をクリップボードにコピーして{0}で開く",
    "Services-AuthenticationGeneral": "一般",
    "Services-DeleteSSHKey": "ローカルを削除",
    "Services-Disconnect": "連携を解除",
    "Services-EditConfig": "編集",
    "Services-Reconnect": "再連携",
    "Services-RemoveConfig": "削除",
    "Services-RemoveConfigTooltip": "このサーバとの接続を取り消す",
    "Services-RemoveSSHKey": "キーを削除",
    "Services-RemoveAndDeleteSSHKey": "削除してファイルも削除",
    "Services-GenerateSSHKey": "SSHキーを作成",
    "Services-GenerateAndAddSSHKey": "SSHキーを作成して{0}に追加",
    "Services-GenerateAndCopySSHKey": "SSHキーを作成してクリップボードにコピー",
    "Services-HostDomain": "Host Domain",
    "Services-HostDomainHint": "例：{0}.mycompany.com",
    "Services-HostDomainHintVSTS": "例：mycompany.visualstudio.com",
    "Services-Info": "SSHキーを設定することでログイン状態を保持できます。GitKrakenはサービスごとにSSHキーを設定できます。",
    "Services-KeyPrivate": "Private: {0}",
    "Services-KeyPublic": "Public: {0}",
    "Services-LeaveBlank": "このフィールドは空白にすることをおすすめします。",
    "Services-ServiceNotConnected": "{0}とは連携していません",
    "Services-NotConnected": "連携していません",
    "Services-AddKey": "{0}にキーを追加",
    "Services-PersonalAccessToken": "アクセストークン",
    "Services-PersonalAccessTokenGenerate": "{0} のアクセストークンを作成",
    "Services-PersonalAccessTokenTooltip": "GitKrakenはアクセストークンを利用してenterpriseサーバと接続します。ここから <i class=\"zmdi zmdi-help-outline color-accent\"></i> 内容を確認できます。",
    "Services-GitKrakenNeedsATokenFrom": "トークンが必要です",
    "Services-WithTheFollowing": "以下の設定が必要です:",
    "Services-GotItTakeMeTo": "{0}のトークンを生成",
    "Services-Repo": "{0} リポジトリ",
    "Services-ServiceConnectionSuccessful": "{0}と連携",
    "Services-ServiceConnectionSuccessfulMessage": "{0} からcloneやremoteを追加しやすくなります。SSHキーの設定を使ってpushやfetchを行います。また、設定 -> 認証から {0} 用のSSHキーを設定できます。",
    "Services-ServiceConnectionSuccessfulWithoutRemotesMessage": "{0} からcloneしやすくなります。SSHキーの設定を使ってpushやfetchを行います。また、設定 -> 認証から {0} 用のSSHキーを設定できます。",
    "Services-SSHKey": "SSHキー",
    "Services-SSHKeyAdviseAdd": "{0} のアカウントのキーがありません。{0} のキーを追加することができます (推奨)。",
    "Services-SSHKeyAdviseInvalid": "{0} のアカウントのキーがありません。以下からGitHubのSSHキーの設定ができます。",
    "Services-SSHKeyAdviseInvalidOrAdd": "{0} のアカウントのキーがありません。{0} のキーを追加するか、以下から他のキーを追加することができます。",
    "Services-SSHKeyAdditionSuccessful": "{0}にSSHキーを追加しました!",
    "Services-SSHKeyRemovalSuccessful": "{0}からSSHキーを削除しました。",
    "Services-SSHKeyTitlePlaceholder": "(任意) 新しいSSHキーの名前を入力してください",
    "Services-SSHKeyTooltip": "{0} のSSHキーを追加してGitKrakenで利用します。GitKrakenはSSHキーを利用して {0} のリポジトリに接続します。",
    "Services-SSHKeyUnverifiable": "{0} は外部のアプリケーションからSSHキーが登録されているかどうかを確認することができません。{0} でSSHキーが設定されていない場合は、以下のボタンから {1} にキーが追加されていることを確認してください。",
    "Services-UsingAgent": "システムのSSHエージェントを利用する",
    "Services-UsingDefaults": "GitKrakenのデフォルトSSHキーとして利用しています",
    "Services-UsingNone": "SSHの設定がありません。以下から {0} のSSHキーを追加できます。",
    "Services-WaitingForAuthorization": "認証中です...",
    "Services-WaitingForAuthorizationTooltip": "{0}への接続を待機しています。クリックして再接続を試みます。",
    "Services-UsingQuestion": "{0}を使っていますか?",
    "Services-GitHubEnterpriseUpgradeToPro": "GitKraken ProにアップグレードしてGitHub.comと同じようにGitHub Enterpriseで開発しましょう",
    "Services-GitLabSelfHostedUpgradeToPro": "GitKraken ProにアップグレードしてGitLab.comと同じようにGitLabで開発しましょう",
    "Services-VisualStudioTeamServicesUpgradeToPro": "GitKraken ProにアップグレードしてVisual Studio Team Servicesの統合機能を利用しましょう",
    "Services-Error-HostDomainUnreachable": "指定されたホストに到達できませんでした",
    "Services-Error-PersonalAccessTokenInvalid": "指定されたアクセストークンは利用できませんでした",
    "Services-Error-SavePersonalAccessTokenFailed": "アクセストークンを利用して接続できませんでした",

    "Shop-ShopTitle": "アカウント管理",
    "Shop-OpenInBrowser": "ブラウザで開く",

    "CommitTemplate": "Commitテンプレート",
    "CommitTemplates-CommitMessage": "Commitメッセージ",
    "CommitTemplates-Description": "概要",
    "CommitTemplates-Summary": "タイトル",
    "CommitTemplates-TitleLimitHelpText": "Commitのタイトルに {0}/{1} 文字使っています",
    "CommitTemplates-TitleLimitExceeded": "Commitのタイトルが上限({0})を超えました!",
    "CommitTemplates-SuccessSaveTemplate": "Commitテンプレートの保存に成功しました",
    "CommitTemplates-ErrorSaveTemplate": "Commitテンプレートの保存に失敗しました",
    "CommitTemplates-SaveCommitTemplate": "Commitテンプレートを保存",
    "CommitTemplates-Instructions": "Commitのタイトルや概要を統一するため、デフォルトのメッセージを登録することができます。詳細は以下をご覧ください ",
    "CommitTemplates-CommitTemplateDocumentation": "Git commitテンプレートドキュメント",
    "CommitTemplates-UseTemplateForCommitMessages": "このテンプレートをcommitメッセージに適用",

    "GitFlow": "Git Flow",
    "GitFlow-Branches": "Branches",
    "GitFlow-Prefixes": "Prefixes",
    "GitFlow-Master": "Master",
    "GitFlow-Develop": "Develop",
    "GitFlow-Feature": "Feature",
    "GitFlow-Release": "Release",
    "GitFlow-Hotfix": "Hotfix",
    "GitFlow-VersionTag": "Version Tag",
    "GitFlow-Init": "Git Flowを初期化",
    "GitFlow-Init-NoRepo": "Git Flowの初期化にはまずリポジトリを開く必要があります",
    "GitFlow-Init-Success": "Git Flowの初期化に成功しました",
    "GitFlow-Init-Failure": "Git Flowの初期化に失敗しました",
    "GitFlow-Update": "Git Flowの設定を更新",
    "GitFlow-UpdateWarning": "prefixを変更すると既存のprefixを持ったbranchがGit Flowで無視されます。",
    "GitFlow-Start": "開始",
    "GitFlow-StartAt": "開始しました:",
    "GitFlow-StartFeature": "featureを開始",
    "GitFlow-StartHotfix": "hotfixを開始",
    "GitFlow-StartRelease": "releaseを開始",
    "GitFlow-StartFeatureSuccess": "featureを開始しました: '{0}'",
    "GitFlow-StartHotfixSuccess": "hotfixを開始しました: '{0}'",
    "GitFlow-StartReleaseSuccess": "releaseを開始しました: '{0}'",
    "GitFlow-Finish": "完了",
    "GitFlow-Finish-Branch": "{0} を完了",
    "GitFlow-FinishFeature": "featureを完了",
    "GitFlow-FinishFeatureSuccess": "featureが完了しました: '{0}'",
    "GitFlow-FinishHotfix": "hotfixを完了",
    "GitFlow-FinishHotfixSuccess": "hotfixが完了しました: '{0}'",
    "GitFlow-FinishRelease": "releaseを完了",
    "GitFlow-FinishReleaseSuccess": "releaseが完了しました: '{0}'",
    "GitFlow-LatestDevelop": "{0} の最新から",
    "GitFlow-WorkingCopy": "現在のbranchから",
    "GitFlow-DeleteBranch": "branchを削除",
    "GitFlow-RebaseOnDevelop": "{0} にrebase",
    "GitFlow-TagMessage": "tagメッセージ",
    "GitFlow-Exit": "Git Flowを終了",
    "GitFlow-CannotFinishFeatureMissingRef": "featureは完了していません",
    "GitFlow-CannotFinishFeatureMissingDevelop": "{0} branchにはfeatureの完了が必要です",
    "GitFlow-CannotFinishHotfixMissingRef": "hotfixは完了していません",
    "GitFlow-CannotFinishHotfixMissingBoth": "{0} と {1} branchにはhotfixの完了が必要です",
    "GitFlow-CannotFinishHotfixMissingDevelop": "{0} にはhotfixの完了が必要です",
    "GitFlow-CannotFinishHotfixMissingMaster": "{0} にはhotfixの完了が必要です",
    "GitFlow-CannotFinishReleaseMissingRef": "releaseは完了していません",
    "GitFlow-CannotFinishReleaseMissingBoth": "{0} と {1} branchにはhotfixの完了が必要です",
    "GitFlow-CannotFinishReleaseMissingDevelop": "{0} branchにはreleaseの完了が必要です",
    "GitFlow-CannotFinishReleaseMissingMaster": "{0} branchにはreleaseの完了が必要です",
    "GitFlow-CannotStartFeatureMissingDevelop": "{0} branchにはfeatureの開始が必要です",
    "GitFlow-CannotStartHotfixMissingMaster": "{0} branchにはhotfixの開始が必要です",
    "GitFlow-CannotStartReleaseMissingDevelop": "{0} branchにはreleaseの開始が必要です",

    "Lfs-TrackingPatternPlaceholder": "パターンを入力して下さい (例: *.zip)",
    "Lfs-AddTrackingPattern": "trackingするパターンを追加",
    "Lfs-ViewGitattributes": ".gitattributesをエディタで見る",
    "Lfs-PreferencesHeader": "LFS",
    "Lfs-HasNotBeenInitialized": "{0}でLFSは初期化されていません",
    "Lfs-InitializeLfs": "LFSを初期化",
    "Lfs-InitializeLfsOnThisRepo": "このリポジトリでLFSを初期化",
    "Lfs-TrackingPatterns": "Trackingパターン",
    "Lfs-AllFilesWithSameExtension": "拡張子'{0}'をすべてtrack",
    "Lfs-AllFilesInFolder": "'{0}/'のファイルをすべてtrack",
    "Lfs-TrackFile": "Track '{0}'",
    "Lfs-Commands": "LFSコマンド",
    "Lfs-Push": "LFSファイルをすべてpush",
    "Lfs-Prune": "ローカルのLFSリポジトリをprune",
    "Lfs-Pull": "LFSファイルをすべてpull",
    "Lfs-Checkout": "LFSファイルをすべてcheckout",
    "Lfs-Fetch": "LFSファイルをすべてfetch",
    "Lfs-IsWorking": "Working...",
    "Lfs-PullLfsNow": "LFSファイルをすべてpullしてもよろしいですか?",
    "Lfs-InitializeWithLfs": "LFSを初期化する",
    "Lfs-SettingsHeader": "LFS設定",
    "Lfs-LfsNotInstalledMessage": "このリポジトリにはLFSが必要ですがまだインストールされていません。LFSで管理されたファイルを変更すると、リポジトリに悪影響を及ぼす可能性があります。LFSのインストールはサポートサイトをご覧ください。",
    "Lfs-LfsNotProperVersionMessage": "GitまたはLFSのバージョンが古いです。LFSで管理されたファイルを変更すると、リポジトリに悪影響を及ぼす可能性があります。LFSのインストールはサポートサイトをご覧ください。",
    "Lfs-ContinueWithoutLfs": "LFSなしで続ける",
    "Lfs-VisitSupportDocs": "ドキュメントを見る",
    "Lfs-NewPattern": "新しいパターンを追加",
    "Lfs-FetchHeader": "Fetch",
    "Lfs-PullHeader": "Pull",
    "Lfs-PushHeader": "Push",
    "Lfs-PruneHeader": "Prune",
    "Lfs-CheckoutHeader": "Checkout",
    "Lfs-ErrorPull": "LFSのPull中にエラーが発生しました",
    "Lfs-ErrorFetch": "LFSのFetch中にエラーが発生しました",
    "Lfs-ErrorPush": "LFSのPush中にエラーが発生しました",
    "Lfs-ErrorPrune": "LFSのPrune中にエラーが発生しました",
    "Lfs-ErrorCheckout": "LFSのCheckout中にエラーが発生しました",
    "Lfs-SuccessPull": "LFSのpullに成功しました",
    "Lfs-SuccessFetch": "LFSのfetchに成功しました",
    "Lfs-SuccessPush": "LFSのpushに成功しました",
    "Lfs-SuccessPrune": "LFSpruneに成功しました",
    "Lfs-SuccessCheckout": "LFSのcheckoutに成功しました",
    "Lfs-UpToDate": "LFSファイルは最新です",
    "Lfs-NeedsYourCredentials": "LFSには認証情報が必要です",

    "Submodule": "Submodule",
    "Submodule-CannotStageUncommittedSubmoduleChanges": "submoduleにcommitしていない変更があります。変更をcommitしてからsubmoduleを開いてください。",
    "Submodule-CheckingOut": "Submodule {0} をcheckoutしています",
    "Submodule-CommitMessageDeleted": "Submodule {0} を削除",
    "Submodule-CommitMessageNew": "Submodule {0} を追加",
    "Submodule-CommitMessageUpdated": "Submodule {0} を更新",
    "Submodule-CommitWithAlreadyStagedPrompt": "stageした変更があります。この変更をcommitしてもよろしいですか?",
    "Submodule-CouldNotShowCurrent": "Submoduleを初期化する前に、submodule {0} のconflictを解決することができません",
    "Submodule-Create": "Submoduleを追加",
    "Submodule-Creating": "Submoduleを追加しています",
    "Submodule-DeletePrompt": "これは破壊的な操作です。本当に\"{0}\"を削除しますか?",
    "Submodule-Deleting": "Submoduleを削除しています",
    "Submodule-Edit": "Submoduleを編集:",
    "Submodule-Fetching": "Submodule {0} をfetchしています",
    "Submodule-FetchingRecursively": "Submodule {0} を再帰的にfetchしています",
    "Submodule-FormAdded": "Added",
    "Submodule-FormCheckout": "Checkout",
    "Submodule-FormCommit": "変更をCommit",
    "Submodule-FormCurrentRevision": "現在のRevision",
    "Submodule-FormDefault": "デフォルト",
    "Submodule-FormMerge": "Merge",
    "Submodule-FormName": "名前",
    "Submodule-FormNamePath": "名前/パス",
    "Submodule-FormNone": "ありません",
    "Submodule-FormOpen": "{0} を開く",
    "Submodule-FormPath": "パス",
    "Submodule-FormPointerRevision": "リポジトリのCommit",
    "Submodule-FormRebase": "Rebase",
    "Submodule-FormRemove": "{0} を削除",
    "Submodule-FormReset": "Submoduleの変更を取り消す",
    "Submodule-FormUpdateStrategy": "Update Strategy",
    "Submodule-FormUrl": "Remote URL",
    "Submodule-FormWorkdirRevision": "SubmoduleのCommit",
    "Submodule-InitAllPrompt": "{0} のSubmoduleを初期化してもよろしいですか?",
    "Submodule-Initialize": "初期化",
    "Submodule-Initializing": "Submoduleを初期化しています",
    "Submodule-InitializingProgress": "Submodule {0} を初期化しています ({1})",
    "Submodule-InitializingUpdate": "更新しています...",
    "Submodule-Menu": "Submoduleメニュー",
    "Submodule-LocalModifications": "submoduleにcommitしていない変更があります",
    "Submodule-OpenImplied": "Submoduleを開く",
    "Submodule-UseCurrent": "現在のものを利用",
    "Submodule-Open": "Submoduleを開く: {0}",
    "Submodule-PathExistsPrompt": "{0} はすでに存在します。削除してもよろしいですか?",
    "Submodule-Status-AddedUninitialized": "Submoduleを追加しましたが初期化が必要です。",
    "Submodule-Status-AddedInitialized": "Submoduleの追加と初期化が完了しましたがcommitがありません。",
    "Submodule-Status-Deleted": "Submoduleの削除が完了しました。変更のcommitが必要です。",
    "Submodule-Status-Dirty": "Submoduleにcommitしていない変更があります。",
    "Submodule-Status-DirtyAndOutOfSync": "Submoduleにcommitしていない変更があります。また、{0} と同期が取れていません。",
    "Submodule-Status-InSync": "Submoduleは最新です ({0})。",
    "Submodule-Status-OutOfSync": "Submoduleは {0} と同期が取れていません。",
    "Submodule-Status-Uninitialized": "Submoduleディレクトリは初期化されていません。",
    "Submodule-UnableToDiff": "Submoduleのdiffが取得できません。",
    "Submodule-Update": "{0} をアップデート",
    "Submodule-InitializeSpecific": "{0} を初期化",
    "Submodule-DirInIndex": "'{0}'はディレクトリとして既に存在します。",

    "ModifySubmodule-Submit": "Submoduleを編集",

    "UIPreferences": "外観",
    "UIPreferences-TabSize": "タブサイズ",
    "UIPreferences-TabSizeHelp": "タブを表示する際のスペースの文字数です",
    "UIPreferences-Theme": "テーマ",
    "UIPreferences-ShowToolbarLabels": "ツールバーアイコンにラベルを表示",
    "Theme-Light": "Light",
    "Theme-Dark": "Dark",
    "UIPreferences-Language": "言語",

    "ToolbarLabels-Chipotle": "Chipotle",
    "ToolbarLabels-Fetch": "Fetch",

    "ProvideFeedback-SendUsFeedback": "フィードバックを送る",
    "SendUsFeedback": "フィードバックを送る",
    "SendUsFeedback-CantRespondToAllFeedback": "GitKrakenチームはすべてのフィードバックを読んでいますが、返信は基本的にできません",
    "SendUsFeedback-DefaultSubject": "Feedback about GitKraken ({0})",
    "SendUsFeedback-EmailAddress": "メールアドレス",
    "SendUsFeedback-EmailUsYourself": "または自分でメールを作成する ",
    "SendUsFeedback-Feedback": "フィードバック",
    "SendUsFeedback-Subject": "題名",
    "ProvideFeedback-GetSupport": "サポートを受ける",
    "ProvideFeedback-DefaultText": "Summary:\n\n  [A brief sentence describing the issue]\n\nSteps to Reproduce:\n\n  1. [First Step]\n  2. [Second Step]\n  3. [and so on...]\n\nExpected behavior: [What you expect to happen]\n\nActual behavior: [What actually happens]",
    "GetSupport": "サポートを受ける",
    "GetSupport-FreeUserUpSell": "GitKrakenは多くの方に利用されているため、無料版を利用している方はメールによるサポートを受けることができません。",
    "GetSupport-DefaultSubject": "Support Question for GitKraken ({0})",
    "GetSupport-Subject": "題名",
    "GetSupport-SupportQuestion": "Support Question",

    "PromptDeletedFileConflict-KeepAncestor": "元のバージョンを残す",
    "PromptDeletedFileConflict-KeepModified": "変更したバージョンを残す",
    "PromptDeletedFileConflict-KeepNew": "新しいバージョンを残す",
    "PromptDeletedFileConflict-Message": "{0} は {1} で変更されましたが、{2} では削除されています",
    "PromptDeletedFileConflict-NoBaseNoPairMessage": "{0} を残しますか?",
    "PromptDeletedFileConflict-RemoveFile": "ファイルを削除",

    "PromptForCreds-EnterCredentialsForProxy": "{0}の認証情報を入力してください: ",
    "PromptForCreds-InvalidCredentialsForProxy": "{0}の認証情報が異なります。再度入力してください: ",
    "PromptForCreds-EnterSSHPassphrase": "SSHキーのパスフレーズを入力して下さい:",
    "PromptForCreds-EnterServiceSSHPassphrase": "{0}のSSHキーのパスフレーズを入力してください:",
    "PromptForCreds-IncorrectSSHPassphrase": "SSHキーのパスフレーズが異なります。再度入力してください:",
    "PromptForCreds-IncorrectServiceSSHPassphrase": "{0}のSSHキーのパスフレーズが異なります。再度入力してください:",
    "PromptForCreds-PasswordPlaceholder": "パスワード",
    "PromptForCreds-PleaseLogIn": "ログインしてください:",
    "PromptForCreds-InvalidLogin": "ログインできません。やり直してください:",
    "PromptForCreds-UsernamePlaceholder": "ユーザ名",
    "PromptForCreds-EnterUsername": "{0} のユーザ名を入力してください",
    "PromptForCreds-EnterUsernameInvalid": "ユーザ名 {0} が間違っています。やり直してください:",
    "PromptForCreds-RememberMe": "認証情報を保存",

    "PromptForMerge-SaveAncestor": "AまたはBを選択していません。Ancestorを保存してよろしいですか?",
    "PromptForMerge-SaveMergeWithUnresolvedConflicts": "未解決のconflictがあります。どうしますか?",

    "PromptForPush-LocalIsBehindRemote": "'{0}'は'{1}'よりも古くなっています（behind）。Pullしてあなたのbranchを更新して下さい。",
    "PromptForPush-ConfirmForcePush": "Force pushは破壊的な操作でやり直しができません。本当によろしいですか?",
    "PromptForPush-OAuthInvalid": "'{0}'のOAuthトークンが異なります。OAuthトークンをリフレッシュするか、OAuthなしでやり直しますか?",

    "PromptForTagAnnotation-Message": "メッセージ:",
    "PromptForTagAnnotation-Placeholder": "Annotationメッセージ",

    "PromptForRemoteDeletionConfirmation": "これは破壊的な操作です。本当に\"{0}\"を削除しますか?",

    "PromptForDeleteRepo-Delete": "リポジトリを削除",
    "PromptForDeleteRepo-Message": "リポジトリ {0} をファイルから削除しますか?",

    "PromptIgnore-Message": "'{0}'を除外しますか?",
    "PromptIgnoreMultiple-Message": "{0}ファイルを除外しますか?",
    "PromptIgnore-Ignore": "除外",
    "PromptIgnore-IgnoreAndUntrack": "除外してTrackingをやめる",

    "PromptNewBranchAtRemote-BranchNamePlaceholder": "branch名",
    "PromptNewBranchAtRemote-CreateBranch": "ここからbranchを作成",
    "PromptNewBranchAtRemote-Message": "Localに '{0}' は存在します。",
    "PromptNewBranchAtRemote-ResetLocal": "ここでlocalをリセット",

    "PromptForNewBranchName-InvalidBranchName": "このブランチ名は利用できません",
    "PromptForNewBranchName-Message": "'{0}'をリネーム:",
    "PromptForNewBranchName-Placeholder": "新しいbranch名",

    "CommitMessage-RemoteBranchCreated": "Branch: {0} を作成",

    "RemoteForm-AddRemote": "Remoteを追加",
    "RemoteForm-AddRemoteButtonLabel": "Remoteを追加",
    "RemoteForm-Bitbucket": "Bitbucket.org",
    "RemoteForm-ConnectToService": "{0}と連携する",
    "RemoteForm-EditManually": "Remoteを編集",
    "RemoteForm-EditRemote": "Remoteを編集",
    "RemoteForm-GitHub": "GitHub.com",
    "RemoteForm-GitHubEnterprise": "GitHub Enterprise",
    "RemoteForm-GitLab": "GitLab.com",
    "RemoteForm-GitLabSelfHosted": "GitLab (自ホスト)",
    "RemoteForm-NoMatch": "見つかりません",
    "RemoteForm-PushURL": "Push URL",
    "RemoteForm-PullURL": "Pull URL",
    "RemoteForm-RemoteName": "名前",
    "RemoteForm-SearchRemotes": "Remoteを探す",
    "RemoteForm-SearchService": "{0}を探す",
    "RemoteForm-SelectPlaceholder": "選択...",
    "RemoteForm-TooManyServiceRemotesWarningNForks":
      "このリポジトリに関連している{0}つのforkを取得しています。これは {1} から取得したほうが早いかもしれません。",
    "RemoteForm-TooManyServiceRemotesWarningManyForks":
      "このリポジトリに関連している多くのforkを取得しています。これは {0} から取得したほうが早いかもしれません。",
    "RemoteForm-Url": "URL",
    "RemoteForm-VisualStudioTeamServices": "VSTS",

    "MergeConflictsPanel-1ConflictMustBeResolved": "続ける前に1つのconflictを解決してください",
    "MergeConflictsPanel-NConflictsMustBeResolved": "続ける前に{0}つのconflictを解決してください",

    "SetUpstreamPrompt-InvalidBranchName": "Branch名が正しくありません",
    "SetUpstreamPrompt-MustSelectRemote": "Remoteを選択する必要があります (例： \"origin/<branch>\")",
    "SetUpstreamPrompt-SelectRemoteBranchMessage": "\"{0}\"のremote branchを設定してください",

    "ConfirmationMessage-ClonePullRequestHead": "\"{1}\"のremoteやcheckoutの対象として\"{0}\"を追加しますか?",
    "ConfirmationMessage-DeleteConfigLock":
      ".git/configがすでにロックされているためロックできません。他のプログラムが使用中またはリポジトリが変更中である可能性があります。ロックを解除して変更ができるようにしますか?",
    "ConfirmationMessage-DeleteFile": "ファイルが削除されます。処理を続けますか?",
    "ConfirmationMessage-DeleteFiles": "選択中のファイルが削除されます。処理を続けますか?",
    "ConfirmationMessage-DeleteGitFlowRef": "このbranchはGit Flowに必要です。本当に\"{0}\"を削除しますか?",
    "ConfirmationMessage-DeleteRef": "これは破壊的な操作です。本当に\"{0}\"を削除しますか?",
    "ConfirmationMessage-DeleteAllRefs": "これは破壊的な操作です。本当にこのノードやremoteから\"{0}\"を削除しますか?",
    "ConfirmationMessage-DeleteTagFromRemote": "これは破壊的な操作です。本当に\"{1}\"から\"{0}\"を削除しますか?",
    "ConfirmationMessage-DeleteTagFromAllRemotes": "remoteから tag \"{0}\"を削除しますか?",
    "ConfirmationMessage-UnstageAndRemoveFile": "ファイルがunstageされ削除されます。処理を続けますか?",
    "ConfirmationMessage-UnstageAndRemoveFiles": "選択中のファイルがunstageされ削除されます。処理を続けますか?",
    "ConfirmationMessage-DiscardUnstagedChangesToFile": "Unstageファイルの変更が取り消されます。処理を続けますか?",
    "ConfirmationMessage-DiscardUnstagedChangesToFiles": "Unstageファイルの変更が取り消されます。処理を続けますか?",
    "ConfirmationMessage-ImmediatelyCommitCherryPick": "cherrypickの変更をすぐにcommitしますか?",
    "ConfirmationMessage-ImmediatelyCommitRevert": "revertの変更をすぐにcommitしますか?",
    "ConfirmationMessage-InitEmptyRepo":
      "リポジトリ'{0}'を開くにはinitial commitが必要です。GitKrakenがcommitしてもよろしいですか?",
    "ConfirmationMessage-InitRepo":
      "リポジトリ'{0}'に互換性がありません。ここに新しいリポジトリを作成してもよろしいですか?",
    "ConfirmationMessage-MergeConflictStashAndCheckout":
      "Merge conflictsがあります。Mergeを続けるには変更や {0} branchをstashする必要があります。Stashしてもよろしいですか?",
    "ConfirmationMessage-CreateCommitForMerge": "mergeの変更をすぐにcommitしてもよろしいですか?",
    "ConfirmationMessage-OptIntoBugReporting": "GitKrakenは重大なエラーから復帰しました。GitKrakenをよりよくするため、GitKrakenチームにクラッシュレポートを送信してもよろしいですか?",
    "ConfirmationMessage-RebaseRequiresStashAndCheckout":
      "rebaseを始めるには変更をstashしてbranch\"{0}\"をcheckoutする必要があります。stashとcheckoutを行ってもよろしいですか?",
    "ConfirmationMessage-ResetAll":
      "すべての変更を取り消すとtrakingされていないファイルも削除されます。本当にすべての変更を取り消しますか?",
    "ConfirmationMessage-ResetFile":
      "ファイルの変更がすべて取り消されます。本当にファイルの変更を取り消しますか?",
    "ConfirmationMessage-ResetFiles":
      "選択したファイルのすべての変更が取り消されます。本当にすべての変更を取り消しますか?",
    "ConfirmationMessage-PersistConflictToDisk": "本当に保存してよろしいですか?",

    "UndoRedo-InformationMissing": "やり直しの情報がありません。これはガベージコレクションによるものだと思われます。",
    "UndoRedo-RedoFailed": "取り消しに失敗しました",
    "UndoRedo-RedoSuccessful": "取り消しに成功しました",
    "UndoRedo-UndoFailed": "やり直しに失敗しました",
    "UndoRedo-UndoSuccessful": "やり直しに成功しました",

    "View-KeyBindings": "キーボードショートカット",
    "View-GitHookFailureLog": "Hook Log",
    "View-RepositoryManagement": "リポジトリ管理",
    "View-ToggleLeftPanel": "左のパネルの切り替え",
    "View-ZoomDown": "縮小",
    "View-ZoomReset": "リセット",
    "View-ZoomUp": "拡大",

    "NewUserOnboarding-Welcome": "GitKrakenへようこそ!",
    "NewUserOnboarding-Repository": "リポジトリを開いたり、Cloneや初期化を行う",
    "NewUserOnboarding-Preferences": "設定を行う",
    "NewUserOnboarding-ReadyToReleaseTheKraken": "Ready to release the kraken?",
    "NewUserOnboarding-SupportLink": "90秒のビデオを見る: ",
    "NewUserOnboarding-SlackLink": "GitKrakenのSlackに参加する: ",
    "NewUserOnboarding-Explore": "役立つ情報を探す",


    "KeyBinding-or": "or",
    "KeyBinding-Commit": "Commit (メッセージが入力されている場合)",
    "KeyBinding-CommitWithStage": "すべてstageしてcommit (メッセージが入力されている場合)",
    "KeyBinding-SearchCommits": "Commitを検索",
    "KeyBinding-FilterBranches": "左のパネルをフィルタ",
    "KeyBinding-OpenFileInExternalDiffOrMergeTool": "選択したファイルを外部のDiff/Mergeツールで開く",
    "Keybinding-OpenRepoInTerminal": "ターミナルでリポジトリを開く",
    "Keybinding-FuzzyFinderOpenRepo": "Fuzzy Finderでリポジトリを開く",
    "KeyBinding-SelectFirst": "最初の要素を選択",
    "KeyBinding-SelectLast": "最後の要素を選択",
    "KeyBinding-SelectNext": "次の要素を選択",
    "KeyBinding-SelectPrev": "前の要素を選択",
    "KeyBinding-Stage": "現在のファイルをStage",
    "KeyBinding-StageAll": "すべてのファイルをStage",
    "KeyBinding-ToggleFuzzyFinder": "Fuzzy Finderを切り替える",
    "KeyBinding-Unstage": "現在のファイルをUnstage",
    "KeyBinding-UnstageAll": "すべてのファイルをUnstage",

    "Notification-AlreadyUpToDate": "既に最新です",
    "Notification-AnnotatedSuccessfully": "Annotateに成功しました",
    "Notification-BranchToBranch": "{1} <- {0}",
    "Notification-RefToRemote": "{0} → {1}",
    "Notification-CloningToPath": "{0} にclone",
    "Notification-CheckoutSuccessful": "Checkoutに成功しました",
    "Notification-CherrypickSuccessful": "Cherrypickに成功しました",
    "Notification-CreatedSuccessfully": "作成しました",
    "Notification-DeletedBranch": "{0} を削除",
    "Notification-FeedbackSent": "フィードバックを送信しました",
    "Notification-SupportSent": "サポートを送信しました",
    "Notification-Merged": "Mergeしました",
    "Notification-MergedSuccessfully": "Mergeに成功しました",
    "Notification-PulledSuccessfully": "Pullに成功しました",
    "Notification-PushedSuccessfully": "Pushに成功しました",
    "Notification-RebaseSuccessful": "Rebaseに成功しました",
    "Notification-RenameSuccessful": "リネームに成功しました",
    "Notification-RepoDeleteSuccessful": "リポジトリの削除に成功しました",
    "Notification-RevertSuccessful": "Revertに成功しました",
    "Notification-SubmoduleCreatedSuccessful": "Submoduleを作成しました",
    "Notification-SubmoduleDeletedSuccessful": "Submoduleを削除しました",
    "Notification-SSHKeyBeingUsed": "キーを追加しました",
    "Notification-ManageSSHKeysButton": "{0} のSSHキーを管理",
    "NotificationMessage-AlreadyUpToDate": "Mergeするものがありません。Branch {1} は最新です。",
    "NotificationMessage-RefToRef": "{0} to {1}",
    "NotificationMessage-RepoDeleteSuccessful": "リポジトリ {0} の削除に成功しました!",
    "NotificationMessage-RevertWasNoop": "現在のbranchはすでにrevertされたcommitの変更を取り込んでいます。",
    "NotificationMessage-CherrypickWasNoop": "現在のbranchはすでにcherrypickされたcommitの変更を取り込んでいます。",
    "NotificationMessage-SSHKeyBeingUsed": "GitKrakenはSSHキーを使用して {0} と接続します。公開鍵はクリップボードコピーされています。{0} のアカウントに公開鍵を登録してください。",

    "Trial-StartTrialModalTitle": "GitKraken Proのフリートライアルを始める",
    "Trial-StartTrialModalContent": "{0}日間のGitKraken Proフリートライアルで、アプリ内でのmerge conflict、複数プロファイル、GitHub Enterpriseの機能などを利用できます。クレジットカードは必要ありません。",
    "Trial-StartTrialModalSubcontent": "{0} でGitKraken Proの機能を見る",
    "Trial-StartTrialModalConfirmButton": "GitKraken Proのフリートライアルを始める",
    "Trial-StartTrialModalNoThanksButton": "いいえ、結構です",
    "Trial-StartTrialModalHideTrialOfferCheckbox": "\"GitKraken Pro フリートライアル\"のボタンを隠す",
    "Trial-TrialStartedModalTitle": "Proのフリートライアルへようこそ!",
    "Trial-TrialStartedModalContent": "{0}日間GitKraken Proの機能を利用することができます。 例えば:",
    "Trial-TrialStartedModalFeature1": "仕事、個人用などの複数のプロフィールの切り替え",
    "Trial-TrialStartedModalFeature2": "アプリケーション内での強力なmerge conflictエディタ",
    "Trial-TrialStartedModalFeature3": "GitHub Enterpriseの利用",
    "Trial-TrialStartedModalFeature4": "GitLab CE, EEの統合機能",
    "Trial-TrialStartedModalSubcontent": "試用期間中いつでもProにアップグレードして、これらの機能を使い続けることができます。",
    "Trial-TrialStartedModalTitle": "GitKraken Proのフリートライアルが始まっています",
    "Trial-TrialEndedModalTitle": "GitKraken Proのフリートライアルが終了しています",
    "Trial-TrialEndedModalTitle": "GitKraken Proのフリートライアルが終了しています",
    "Trial-TrialEndedModalSubcontent1": "GitKraken ProにアップグレードしてProの機能やサポートを受ける",
    "Trial-TrialEndedModalSubcontent2": "GitKrakenを商用利用している場合、Proへのアップグレードは必須です。GitKrakenのボリュームライセンスを利用するとお得です。",
    "Trial-TrialEndedModalContinueUsingFree": "いいえ、フリー版の利用を続けます。",

    "Error": "エラー",
    "Error-AddExternalSSHKeyToServiceFailed": "SSHキーの追加に失敗しました",
    "Error-AnnotateTagFailed": "TagのAnnotateに失敗しました",
    "Error-ApplyingStashError": "Stash applyに失敗しました",
    "Error-BranchNameEmpty": "Branch名は必須です",
    "Error-BranchNameMayNotContainSpaces": "branch名にスペースは使えません",
    "Error-CheckoutFailed": "Checkoutに失敗しました",
    "Error-CherrypickFailed": "Cherrypickに失敗しました",
    "Error-ConflictDetected": "Conflictが発生しました",
    "Error-AddSSHKeyToServiceFailed": "SSHキーの設定に失敗しました",
    "Error-CouldNotWriteToRepo": "リポジトリにファイルの書き込みができませんでした",
    "Error-Crash": "GitKrakenは重大なエラーから復帰しました",
    "Error-CreateRepoFailed": "リポジトリの作成に失敗しました",
    "Error-CreateRefFailed": "Refの作成に失敗しました",
    "Error-CreateRemoteRepoFailed": "リポジトリの作成に失敗しました",
    "Error-DeleteFailedWithName": "削除に失敗: {0}",
    "Error-DeleteFailedWithNamesTagForRemote": "削除に失敗: {0} for {1}",
    "Error-Diff3DoesNotExist": "Diffが見つかりませんでした",
    "Error-Diff3UpdateFailed": "Diffの更新に失敗しました",
    "Error-DiscardSelectionFailed": "選択箇所の取り消しに失敗しました",
    "Error-DisconnectOAuthServiceFailed": "サービスとの連携解除に失敗しました",
    "Error-RemoveSSHKeyFromServiceFailed": "SSHキーの解除に失敗しました",
    "Error-FeedbackSendFailure": "フィードバックの送信に失敗しました",
    "Error-FetchFailedWithName": "'{0}'のfetchに失敗しました",
    "Error-FetchAllPullRequestsFailed": "Pull requestのfetchに失敗しました",
    "Error-GenerateDiff3Failed": "conflictのdiffの生成に失敗しました",
    "Error-GenerateSSHKeyAndAddToServiceFailed": "SSHキーの作成に失敗しました",
    "Error-Generic": "エラーが発生しました",
    "Error-GitFlowFinishFeatureFailed": "Feature '{0}'の完了に失敗しました",
    "Error-GitFlowFinishHotfixFailed": "Hotfix '{0}'の完了に失敗しました",
    "Error-GitFlowFinishReleaseFailed": "Release '{0}'の完了に失敗しました",
    "Error-GitFlowStartFeatureFailed": "Feature '{0}'の開始に失敗しました",
    "Error-GitFlowStartHotfixFailed": "Hotfix '{0}'の開始に失敗しました",
    "Error-GitFlowStartReleaseFailed": "Release '{0}'の開始に失敗しました",
    "Error-GitHubNoMorePrivateRepos": "このGitHubアカウントにプライベートリポジトリは存在しません",
    "Error-GitLabMergeRequestsDisabled": "このリポジトリではMerge requestsが利用できません",
    "Error-InotifyLimitReached": "通知の上限エラーです",
    "Error-KeyAlreadyExistsOnAccount": "このアカウントにキーはすでに存在します",
    "Error-LoginRedirect": "ユーザデータを取得する際にリダイレクトが発生しました - ${0} をホワイトリストに登録してください",
    "Error-MergeAbortFailed": "Mergeの取り消しに失敗しました",
    "Error-MergeFailed": "Mergeに失敗しました",
    "Error-NeedUpgradedPermissions": "{0} 以上のパーミッションが必要です",
    "Error-OpenDiffToolFailed": "Diffツールが開けませんでした",
    "Error-OpenMergeToolFailed": "Mergeツールが開けませんでした",
    "Error-OpenRepoInTerminalFailed": "ターミナルでリポジトリが開けませんでした",
    "Error-PersistMergeToDisk": "Failed to persist merge to disk",
    "Error-PullFailed": "Pullに失敗しました",
    "Error-PushFailed": "Pushに失敗しました",
    "Error-PushUpdatereferenceFailed": "{0} へのpushに失敗しました: {1}",
    "Error-MissingVSTSContributePermission": "'Contribute'の権限がありません",
    "Error-MissingVSTSCreateBranchPermission": "'CreateBranch'の権限がありません",
    "Error-MissingVSTSForcePushPermission": "'ForcePush'の権限がこのブランチにはありません",
    "Error-VSTS404GetRepository": "リポジトリが見つかりません {0}/{1}",
    "Error-VSTS404GetProjects": "プロジェクトが見つかりません",
    "Error-RemoteRefusedToDelete": "{0} へのpushに失敗しました: remote branchは削除できませんでした",
    "Error-PullRequestFailed": "Pull requestの作成に失敗しました",
    "Error-PushFailedWithName": "Pushに失敗: {0}",
    "Error-RebaseFailed": "Rebaseに失敗しました",
    "Error-RebaseAutoUnstashFailed": "Auto stashされた変更のpopに失敗しました",
    "Error-RebaseFailedFromFileLock": "ファイルの変更に失敗しました。ファイルのパーミッションまたは他のプロセスが利用している恐れがあります。ファイルのロックを解除するかRebaseを取り消したあとにやり直してください。",
    "Error-RebaseAbortFailed": "Rebaseの取り消しに失敗しました",
    "Error-RebaseAbortFailedFromFileLock": "Rebaseが取り消せませんでした。ファイルのパーミッションまたは他のプロセスが利用しているおそれがあります。",
    "Error-RenameFailed": "リネームに失敗しました",
    "Error-RenameNeedsLocalBranch": "local branchはcheckoutしている必要があります!",
    "Error-RemoveFailed": "ファイルの削除に失敗しました",
    "Error-ResetFailed": "リセットに失敗しました",
    "Error-RepoAlreadyExists": "リポジトリはすでに存在します",
    "Error-RepoAlreadyExistsOnAccount": "このアカウントにリポジトリはすでに存在します",
    "Error-RepoDeleteFailed": "リポジトリの削除に失敗しました",
    "Error-RevertFailed": "Revertに失敗しました",
    "Error-SendFeedbackFailure": "フィードバックの送信に失敗しました! しばらく立ってからやり直してみてください。",
    "Error-StageFilemodeFailed": "ファイルモード変更のStageに失敗しました",
    "Error-StagePathsFailed": "パスのstageに失敗しました",
    "Error-StageSelectionFailed": "選択箇所のStageに失敗しました",
    "Error-UnableToMergeInApp": "ファイルを外部mergeツールで解決する必要があります",
    "Error-UnstageFilemodeFailed" : "ファイルモード変更のUnstageに失敗しました",
    "Error-UnstagePathsFailed": "パスのUnstageに失敗しました",
    "Error-UnstageSelectionFailed": "選択箇所のUnstageに失敗しました",
    "Error-UpdateDiffFailed": "Diffの更新に失敗しました",
    "Error-UpdateHunkFailed": "Hunkの更新に失敗しました",
    "ErrorMessage-CannotApplyStashWhenFilesAreStaged": "Stage中のファイルにstashはapplyできません。まずはStash, commit, unstageをなどを行ってください。",
    "ErrorMessage-CannotDeleteCheckedOutBranch": "Checkout中のbranchは削除できません。まずはbranchを切り替えてください。",
    "ErrorMessage-1ConflictPreventsCheckout": "Checkoutすると1つのconflictが発生します。\nまずはCommit, stash, 変更の取り消しなどを行ってください。",
    "ErrorMessage-NConflictsPreventCheckout": "Checkoutすると{0}つのconflictが発生します。\nまずはCommit, stash, 変更の取り消しなどを行ってください。",
    "ErrorMessage-ConflictsPreventStashApplication": "stashすると{0}つのconflictが発生します。",
    "ErrorMessage-CrashReportSent": "クラッシュレポートをGitKrakenチームに送信しました。",
    "ErrorMessage-DiscardSelectionFailedWithReason": "{0} の選択箇所の取り消しに失敗しました: {1}",
    "ErrorMessage-InotifyLimitReached": "このリポジトリのファイル監視をOFFにします。通知の上限を増やしてリポジトリを開き直してください。",
    "ErrorMessage-InvalidSshKey": "SSHキーが正しくありません。 SSHキーとGitのサービスが一致しているか確認してください。",
    "ErrorMessage-SshKeyNotFound": "SSHキーがありません。設定 -> 認証から設定を行ってください。",
    "ErrorMessage-SshKeyNotSupported": "SSHキーのフォーマットが正しくありません。SSHキーが有効であること、RSA暗号方式であることを確認してください。",
    "ErrorMessage-MergeConflicts": "Conflictを解決する必要があります",
    "ErrorMessage-CannotOpenFileCompareToolForMultiSelectedFiles": "commitパネルで複数のファイルが選択されています",
    "ErrorMessage-CannotOpenFileCompareToolWithoutActiveFile": "commitパネルまたはmerge解決パネルにてファイルが選択されていません",
    "ErrorMessage-CannotOpenFileCompareToolForMergedDiffs": "グラフで3つ以上のcommitが選択されています",
    "ErrorMessage-DiffToolNotFound": "Diffツールが設定されていません",
    "ErrorMessage-MergeToolNotFound": "Mergeツールが設定されていません",
    "ErrorMessage-FailedToLaunchDiffTool": "git configに設定されたdiffツール \"{0}\" が起動できません。",
    "ErrorMessage-FailedToLaunchMergeTool": "git configに設定されたmergeツール\"{0}\"が起動できません。",
    "ErrorMessage-NeedUpgradedPermissions": "GitKrakenで {0} を利用するにはさらにパーミッションが必要です。",
    "ErrorMessage-NeedUpgradedPermissionsButton": "パーミッションをアップグレード",
    "ErrorMessage-NoAncestorAvailableToWriteToDisk": "ancestorのないmergeや解決中のconflictは保存できません",
    "ErrorMessage-NoDiffToolSet": "Diffツールが設定されていません",
    "ErrorMessage-NoMergeToolSet": "Mergeツールが設定されていません",
    "ErrorMessage-PullRequestRemoteNotFoundWithNameAndHostingService": "{1} の'{0}'のpull requestsが取得できません。Remote URLが正しいこと、リポジトリにアクセスする権限があることを確認してください。",
    "ErrorMessage-PushRefToRefFailed": "{0} を {1} にpushできませんでした",
    "ErrorMessage-RebaseConflicts": "解決が必要なconflictがrebaseにあります",
    "ErrorMessage-RemoteAccessDenied": "アクセスできません。remoteに接続できることを確認してやり直してください。",
    "ErrorMessage-RemoteAccessDeniedOrgWarning": "{0}が{1}のorganizationである場合は、organizationに**リクエストかアクセス権限**が必要です。",
    "ErrorMessage-RemoteNotFoundWithName": "'{0}'に接続できませんでした。Remote URLが正しいこと、remoteに接続できることを確認してやり直してください。",
    "ErrorMessage-RemoteRefBehindRemote": "Remote branchが古くなっています。Pushする前に {0} をfetchしてください。",
    "ErrorMessage-RenameRefToRefFailed": "{0} を'{1}'にリネームできませんでした",
    "ErrorMessage-RenameTargetAlreadyExists": "'{0}'はすでに存在します!",
    "ErrorMessage-RepoDeleteFailed": "リポジトリ {0} は削除できませんでした!",
    "ErrorMessage-ResetFailedWithReason": "リセットに失敗しました: {0}",
    "ErrorMessage-WindowsShPathNotFound": "このリポジトリにはGit hooksがあります。Git hooksをWindowsで利用するためにはsh.exeが必要ですが見つかりませんでした。",
    "ErrorMessage-StageFilemodeFailedWithReason": "{0} のファイルモード変更のStageに失敗しました: {1}",
    "ErrorMessage-StagePathsFailedWithReason": "パスのStageに失敗しました: {0}",
    "ErrorMessage-StageSelectionFailedWithReason": "{0} の選択箇所のStageに失敗しました: {1}",
    "ErrorMessage-TerminalCommandNotConfigured": "ターミナルが設定されていません。今すぐターミナルの設定を行いますか?",
    "ErrorMessage-UnableToMergeInApp": "このファイルのconflictはテキストとバイナリが含まれています。Mergeには外部mergeツールが必要です。",
    "ErrorMessage-UnrecognizedAllowedTypes": "この形式は認識できません: {0}",
    "ErrorMessage-UnstageFilemodeFailedWithReason": "{0} のファイルモード変更のUnstageに失敗しました: {1}",
    "ErrorMessage-UnstagePathsFailedWithReason": "パスのUnstageに失敗しました: {0}",
    "ErrorMessage-UnstageSelectionFailedWithReason": "{0} の選択箇所のUnstageに失敗しました: {1}",
    "ErrorMessage-UpdateDiffFailedWithReason": "Diffの更新に失敗しました: {0}",
    "ErrorMessage-UpdateHunkFailedWithReason": "{0} のHunkの更新に失敗しました: {1}",
    "ErrorMessage-UpstreamNotInFetchData": "{1} に {0} は存在しません",

    "Plugin-FullviewLoadFailed": "プラグインが開けませんでした"
  }
}
